reviewId,predicted_sentiment
2655994,"The sentiment of this review is POSITIVE. The reviewer suggests that while the primary draw might be the scary elements, there's an added bonus of sharp humor, indicating enjoyment of both aspects."
2249445,The sentiment of this review is NEGATIVE.
2610735,The sentiment of this review is POSITIVE.
2525226,The Last Jedi
2519431,The sentiment of this review is POSITIVE.
2617930,The sentiment of this review is POSITIVE.
2607017,The sentiment of this review is NEGATIVE. The reviewer criticizes Emilia Clarke as 'insipid' but praises the other actors for their talent and spirit.
2677961,The sentiment of this review is POSITIVE.
102780513,"The sentiment of this review is mixed, but leans more towards NEGATIVE. While it praises Rudd's performance and Majors' villainous role, it criticizes the talky script and messy action scenes."
2602222,The sentiment of this review is POSITIVE.
102780692,"The sentiment of this review is POSITIVE. Although it mentions that the movie shouldn't have been shot almost entirely in The Volume, the overall tone shifts to praise when Jonathan Majors appears, describing the film as "
2549626,"The sentiment of this review is POSITIVE,"
102771585,"The sentiment of this review is POSITIVE. Although the term 'jingoistic' might have negative connotations in some contexts, the reviewer describes it as a 'fun jingoistic cartoon,' which indicates a positive experience."
2565348,The sentiment of this review is NEGATIVE.
2241844,The sentiment of this review is NEGATIVE.
2241491,The sentiment of this review is NEGATIVE.
2654378,The sentiment of this review is POSITIVE.
102789858,"The sentiment of this review is POSITIVE. The reviewer seems to be looking forward to the upcoming MCU film 'Ant-Man and the Wasp: Quantumania' as an appetizer for the larger, more interconnected storyline planned for Phase 4 of the Marvel Cinematic Universe."
2526573,The sentiment of this review is NEGATIVE.
2303329,"To determine the sentiment of the review, let's analyze its content step by step. The review suggests that if someone has no other choice but to watch a film about an inventive person surviving under harsh conditions, they might as well watch 'The Grey.' This implies that while the reviewer does not strongly endorse the film, they do not entirely dismiss it either. They are providing a recommendation, albeit with a caveat. Therefore, the sentiment leans more towards a neutral to slightly positive stance, as the reviewer is suggesting the film as an option rather than outright rejecting it. However, since the question asks for a binary classification of POSITIVE or NEGATIVE, and there isn't enough positive language to classify it as such, we would lean towards a negative classification due to the conditional nature of the recommendation. So, the sentiment is NEGATIVE."
2458139,The sentiment of this review is POSITIVE.
2769699,"To determine the sentiment of the review, let's analyze its components step by step. The phrase 'Turn on (your engines) tune in (your radios) and drop out' is a reference to the famous countercultural slogan from the 1960s, which suggests engaging with a new way of life. The film's appeal of an alternate lifestyle can be seen as positive, as it implies the movie offers something different and interesting. Therefore, the sentiment of this review is POSITIVE."
2586843,"To determine the sentiment of the review, we need to analyze the phrase 'Smells like teen spirit.' This phrase is often associated with Nirvana's song of the same name, which has a strong, distinctive smell that is both nostalgic and evocative of youth culture. Without additional context, it can be interpreted as a positive sentiment, as it might evoke fond memories or appreciation for the music. However, if the context suggests a negative connotation (e.g., if it's used in a derogatory manner), the sentiment could be negative. Given the lack of such context, the sentiment is likely POSITIVE."
2640829,The sentiment of this review is POSITIVE.
102764053,The Daniels
102779634,The sentiment of this review is POSITIVE.
2518712,The sentiment of this review is POSITIVE.
1854723,The sentiment of this review is NEGATIVE.
102662422,"The sentiment of this review is mixed but leans POSITIVE. The reviewer praises the first part of the film as engaging and well-executed, particularly highlighting its effectiveness as a murder horror mystery. However, they also note that the latter portion becomes less interesting, described as a 'boring superhero movie.' Despite this criticism, the reviewer concludes by stating that the positive aspects (the first two-thirds of the film) 'vastly overwhelms' the negative ones (the last third), indicating an overall favorable opinion."
102781334,"The sentiment of this review is POSITIVE. While it acknowledges that the film is overwhelming and overstimulating due to its scale and reliance on CGI, it also notes that it successfully delivers some human emotions, which suggests an overall positive impression."
2524433,The sentiment of this review is NEGATIVE.
2525181,The sentiment of this review is POSITIVE.
2579791,The sentiment of this review is POSITIVE.
2443730,The sentiment of this review is POSITIVE.
2649633,"The sentiment of this review is NEGATIVE. The use of 'viciously droll' suggests a sarcastic and unimpressed tone, implying that the game is not as enjoyable or well-executed as it might be in a more positive review."
102755037,The sentiment of this review is NEGATIVE.
102706155,The sentiment of this review is NEGATIVE.
102775087,The sentiment of this review is POSITIVE.
2623367,The sentiment of this review is POSITIVE.
102779486,The sentiment of this review is POSITIVE.
102779496,The sentiment of this review is POSITIVE.
102711995,The sentiment of this review is NEGATIVE.
102779501,The sentiment of this review is NEGATIVE.
2564777,The sentiment of this review is POSITIVE.
2316730,The sentiment of this review is NEGATIVE.
2837916,The sentiment of this review is POSITIVE.
2616362,"The sentiment of the review 'Only in dreams' can be considered NEGATIVE. The phrase suggests that whatever is being reviewed is not real or achievable, which typically conveys disappointment or dissatisfaction."
2442277,The sentiment of this review is POSITIVE.
102780414,The sentiment of this review is NEGATIVE.
102709081,The sentiment of this review is POSITIVE.
2493520,"The sentiment of this review is mixed, but leans more towards NEGATIVE. The review praises the film for its intense action, suspense, and mystery, which are positive aspects. However, it also criticizes the film for being overly long and having a plot that is too complex and convoluted, which are negative points."
102779523,"The sentiment of this review is POSITIVE. The reviewer highlights that while Paul Rudd and Evangeline Lilly are prominently featured, the real star of the show is Jonathan Majors, suggesting he could be a significant new villain for Marvel. This implies the reviewer finds Majors' performance noteworthy and potentially impactful."
2467554,"The sentiment of this review is NEGATIVE. The phrase 'my eyeballs need a vacation' suggests that the experience was so draining or unpleasant that it would be like needing rest for the eyes after a long, tiring period."
102780001,"The sentiment of this review is POSITIVE. While the reviewer mentions that the script is 'frustratingly uneven,' they still highlight the strong performances by Michelle Pfeiffer and Jonathan Majors, which suggests an overall positive impression of the film."
2570597,The Last Jedi
2846556,The sentiment of this review is POSITIVE.
2533170,The Front Runner
2325589,The sentiment of this review is POSITIVE.
2405957,The sentiment of this review is POSITIVE.
2241516,The sentiment of this review is NEGATIVE.
2751333,The sentiment of this review is POSITIVE.
2554358,The sentiment of this review is POSITIVE.
102763364,The sentiment of this review is POSITIVE.
2366579,The sentiment of this review is POSITIVE.
2589054,The sentiment of this review is NEGATIVE.
2836975,The sentiment of this review is POSITIVE.
2566513,The sentiment of this review is POSITIVE.
2668367,The sentiment of this review is POSITIVE.
102779550,The sentiment of this review is POSITIVE.
2586401,The sentiment of this review is POSITIVE.
2467452,The sentiment of this review is POSITIVE.
2672549,The sentiment of this review is POSITIVE.
2465168,"The Star Wars film we needed (a palate cleanser). Funny, full of action and lots of feels, this new entry achieves great balance between nostalgia and novelty."
2699194,The sentiment of this review is POSITIVE.
2657555,The sentiment of this review is NEGATIVE.
2763220,The sentiment of this review is NEGATIVE.
2605704,"To determine the sentiment of the review, let's analyze its key components. The review describes the remake as 'visually stunning,' which is a positive attribute. However, it also mentions that the film is 'darker, more violent.' While these descriptors might not be universally positive, they are often used to describe films in a neutral to positive light, especially if the reviewer appreciates such elements. Given the context provided, the overall tone seems to lean towards a positive appreciation for the film's visual quality and its thematic elements. Therefore, the sentiment can be classified as POSITIVE."
102662391,The sentiment of this review is POSITIVE.
2310947,The sentiment of this review is POSITIVE.
2811339,The sentiment of this review is POSITIVE.
102780416,The sentiment of this review is POSITIVE.
2473324,The sentiment of this review is NEGATIVE. The statement suggests that the reviewer did not enjoy the movie and is hoping for a better experience with the sequel 'Deadpool 2'.
2491385,"The sentiment of this review is NEGATIVE. The comparison to Pixar, known for its high-quality animation and storytelling, suggests that the Marvel film falls short of expectations. The phrase 'repeated vibe' implies a lack of originality or freshness, which is generally not a positive attribute for a film."
2361163,The sentiment of this review is NEGATIVE.
2429777,The sentiment of this review is NEGATIVE.
2751311,The sentiment of this review is NEGATIVE.
2426821,The sentiment of this review is POSITIVE.
2660111,The sentiment of this review is NEGATIVE.
2522072,The sentiment of this review is NEGATIVE.
2623543,The sentiment of this review is POSITIVE.
2316108,The sentiment of this review is POSITIVE.
2550696,The sentiment of this review is NEGATIVE.
102780028,The sentiment of this review is NEGATIVE.
2300345,The sentiment of this review is NEGATIVE.
2403825,The sentiment of this review is POSITIVE.
2537175,The sentiment of this review is POSITIVE.
102759231,The sentiment of this review is POSITIVE.
2536995,The sentiment of this review appears to be NEUTRAL. The text provides factual information about Hugh Jackman's role without expressing a clear positive or negative opinion.
2428486,The sentiment of this review is POSITIVE.
2748670,The sentiment of this review is NEGATIVE.
2481043,The sentiment of this review is POSITIVE.
2397605,"The sentiment of this review is MIXED, leaning towards POSITIVE."
2623087,The sentiment of this review is POSITIVE.
102710647,The sentiment of this review is POSITIVE.
102779550,The sentiment of this review is POSITIVE.
2442290,The sentiment of this review is POSITIVE.
2565168,The sentiment of this review is POSITIVE.
2242045,The sentiment of this review is NEGATIVE.
2719432,The sentiment of this review is POSITIVE.
2580377,The sentiment of this review is POSITIVE.
102669398,The sentiment of this review is POSITIVE.
2498007,The sentiment of this review is POSITIVE.
2087570,The sentiment of this review is NEGATIVE.
2539657,The sentiment of this review is NEGATIVE.
102663959,The sentiment of this review is POSITIVE.
2633824,The sentiment of this review is POSITIVE.
2748622,The sentiment of this review is POSITIVE.
1854643,The sentiment of this review is NEGATIVE.
2242720,The sentiment of this review is NEGATIVE.
102706231,"The sentiment of this review is MIXED, leaning towards POSITIVE. The reviewer acknowledges that the movie provides "
2613447,The sentiment of this review is POSITIVE.
2087348,The sentiment of this review is NEGATIVE.
2350415,The sentiment of this review is POSITIVE.
2617010,The sentiment of this review is POSITIVE.
2633772,The sentiment of this review is POSITIVE.
2361390,The sentiment of this review is POSITIVE.
2632484,The sentiment of this review is NEGATIVE.
2442743,The sentiment of this review is POSITIVE.
2409149,The sentiment of this review is POSITIVE.
2241621,The sentiment of this review is NEGATIVE.
2687508,The sentiment of this review is POSITIVE.
2672659,The sentiment of this review is NEGATIVE.
2654468,The sentiment of this review is POSITIVE.
2608147,The sentiment of this review is POSITIVE.
2834394,The sentiment of this review is POSITIVE.
2554090,The sentiment of this review is POSITIVE.
2412409,The sentiment of this review is POSITIVE.
2548995,The sentiment of this review is POSITIVE.
2325419,The sentiment of this review is POSITIVE.
2361632,The sentiment of this review is NEGATIVE.
2596723,The sentiment of this review is POSITIVE.
2241862,The sentiment of this review is NEGATIVE.
2769528,The sentiment of this review is POSITIVE.
2603653,The sentiment of this review is POSITIVE.
2316391,"The sentiment of this review is mixed, but leans more towards NEGATIVE. The reviewer finds the film 'more befuddled, plot-wise' than others, which is a criticism. However, they do give it credit for its vision of modern America, which is a positive aspect."
2609995,The sentiment of this review is POSITIVE.
2519222,The sentiment of this review is POSITIVE.
2367038,"The sentiment of this review is MIXED, leaning towards POSITIVE. The reviewer recommends the movie as a three-star action film, which is a positive indication. However, there is also a negative aspect mentioned regarding the film getting 'mired' in its influences, suggesting it doesn't quite reach the same level as the original Star Wars movies."
102779585,The sentiment of this review is NEGATIVE.
102779521,The sentiment of this review is POSITIVE.
2325604,The sentiment of this review is POSITIVE.
2713507,The sentiment of this review is POSITIVE.
2564122,The sentiment of this review is POSITIVE.
2513045,The sentiment of this review is POSITIVE.
2242765,The sentiment of this review is NEGATIVE.
102783393,The sentiment of this review is NEGATIVE.
102659038,The sentiment of this review is POSITIVE.
102750348,The sentiment of this review is POSITIVE.
2597904,"The sentiment of this review is MIXED. It acknowledges both positive aspects ('stand alone as a step forward') and negative aspects ('fall short of its potential'). However, if we have to categorize it into either positive or negative, it leans slightly towards positive because it ends on a note of potential being met, which is more encouraging."
2482508,The sentiment of this review is NEGATIVE.
2556016,The sentiment of this review is POSITIVE.
2841253,The sentiment of this review is POSITIVE for the visual and auditory aspects but NEGATIVE for the narrative.
102779555,The sentiment of this review is NEGATIVE.
2655971,The Irishman
2785009,The sentiment of this review is POSITIVE. Although the reviewer states that the movie isn't 
2770446,The sentiment of this review is NEGATIVE.
2508631,The sentiment of this review is POSITIVE.
2535986,The sentiment of this review is POSITIVE.
102780006,The sentiment of this review is POSITIVE.
2574416,The sentiment of this review is POSITIVE.
102699767,The sentiment of this review is POSITIVE.
2524918,The sentiment of this review is POSITIVE.
2111450,The sentiment of this review is POSITIVE.
2548880,The sentiment of this review is POSITIVE.
2656652,"The sentiment of this review is POSITIVE. Although the review suggests that the movie highlights a critical aspect of society (the system as the worst monster), it still acknowledges Bong Joon-ho's success in portraying this theme effectively."
2602480,The sentiment of this review is POSITIVE.
102662495,The Batman
2803975,The sentiment of this review is POSITIVE.
2558503,The sentiment of this review is POSITIVE.
2638126,The sentiment of this review is NEGATIVE.
2518470,The sentiment of this review is POSITIVE.
102662447,"The sentiment of this review is POSITIVE. The reviewer seems to appreciate the modern take on the Batman character, describing it as 'the darkest Batman yet,' which suggests they find the new approach intriguing and refreshing. They also highlight the interesting plot element of Bruce Wayne investigating his family history, indicating a positive outlook on the film's narrative depth."
2797119,The sentiment of this review is POSITIVE.
813873,The sentiment of this review is POSITIVE.
2833333,The sentiment of this review is POSITIVE.
2549428,The sentiment of this review is POSITIVE.
2590420,"The sentiment of this review is NEUTRAL to SLIGHTLY NEGATIVE. The phrase 'Overall, it was a fun film' suggests a positive aspect, but 'an OK film, but not one that leaves much of an impression' indicates a lack of strong positive feelings and implies the film was forgettable."
2781371,The sentiment of this review is NEGATIVE.
2768595,The sentiment of this review is POSITIVE.
2533100,The Front Runner
2567862,"The sentiment of this review is NEGATIVE. The phrase 'seems oddly detached' suggests that the reviewer finds Brie Larson's performance or presence in the film unengaging or distant, which is generally not a positive attribute for an actor."
2241581,The sentiment of this review is NEGATIVE.
2299585,The sentiment of this review is POSITIVE.
102779597,The sentiment of this review is POSITIVE.
102780821,The sentiment of this review is NEGATIVE.
2648575,The sentiment of this review is NEGATIVE.
2499337,The sentiment of this review is POSITIVE.
2473244,The sentiment of this review is POSITIVE.
2455656,The sentiment of this review is POSITIVE.
2361784,The sentiment of this review is NEGATIVE.
2601822,The sentiment of this review is NEGATIVE.
2589093,The sentiment of this review is POSITIVE. The use of words like 'glorious' and 'jaw-dropping' for the ending indicate strong approval and excitement.
102780888,The sentiment of this review is POSITIVE.
2657573,The sentiment of this review is POSITIVE.
2616540,The sentiment of this review is POSITIVE.
102779555,The sentiment of this review is NEGATIVE.
2753154,"The sentiment of this review is MIXED, leaning towards POSITIVE."
2601541,The sentiment of this review is POSITIVE.
2650413,The sentiment of this review is POSITIVE.
102781777,The sentiment of this review is POSITIVE.
2581827,"To determine the sentiment of the review, let's analyze its content step by step. The review states that the cartoon is 'Power Rangers under a different name' and 'a Nickelodeon type cartoon re-envisioned for the big screen.' This suggests that the reviewer is comparing the film to a well-known children's show and a popular network's style of animation. However, the tone does not express enthusiasm or praise; instead, it seems to imply that the film is derivative or lacks originality. Therefore, the sentiment of this review is more likely to be NEGATIVE."
102780543,The sentiment of this review is NEGATIVE.
2241538,The sentiment of this review is NEGATIVE.
102780627,The sentiment of this review is NEGATIVE.
2458397,The sentiment of this review is POSITIVE.
2793894,The sentiment of this review is POSITIVE.
102688690,The sentiment of this review is POSITIVE.
2241160,The sentiment of this review is NEGATIVE.
2699533,The sentiment of this review is POSITIVE.
2527786,"The sentiment of this review is POSITIVE. The reviewer praises Hugh Jackman's performance, noting that 'by a hair's breadth, the actor wins,' implying that despite the challenge posed by the wig, Jackman's performance is successful."
2519211,The sentiment of this review is POSITIVE.
102780483,The sentiment of this review is NEGATIVE.
2581317,The sentiment of this review is POSITIVE.
102693725,The sentiment of this review is POSITIVE.
2612959,The sentiment of this review is NEGATIVE.
2342917,The sentiment of this review is POSITIVE.
2651617,The sentiment of this review is NEGATIVE.
102779630,The sentiment of this review is POSITIVE.
2648195,"The sentiment of this review is POSITIVE. Although the movie is described with a range of challenging and sometimes negative descriptors like 'terrifying', 'violent', and 'cruel', the reviewer also uses positive terms such as 'heartbreaking', 'tender', 'surreal', and 'hilarious'. The overall tone suggests that the film is complex and engaging enough to be considered worthwhile, hence the encouragement to 'are you up to the challenge?' implies a recommendation."
2665329,The sentiment of this review is POSITIVE.
2609751,The sentiment of this review is POSITIVE.
102779861,The sentiment of this review is NEGATIVE.
102751839,The sentiment of this review is NEGATIVE.
2432418,The sentiment of this review is POSITIVE.
2672260,The sentiment of this review is POSITIVE.
2241514,The sentiment of this review is NEGATIVE.
2576576,The sentiment of this review is POSITIVE.
2541408,The Last Jedi
2808385,The sentiment of this review is NEGATIVE.
2579877,The sentiment of this review is POSITIVE.
2654441,The sentiment of this review is POSITIVE.
2361585,The sentiment of this review is POSITIVE.
2580138,The sentiment of this review is POSITIVE.
2442253,The Last Jedi
2299600,The sentiment of this review is POSITIVE.
102779541,"The sentiment of this review is MIXED, leaning towards NEGATIVE. While the reviewer acknowledges that the film is 'fun,' they also criticize it for feeling 'shackled' and not being 'mind-bending.' The overall tone suggests disappointment despite some enjoyment."
2823531,The sentiment of this review is POSITIVE.
2586639,The sentiment of this review is POSITIVE.
102713068,"The sentiment of this review is NEGATIVE. The reviewer expresses disappointment at the conclusion of the film, indicating that despite enjoying various aspects of it, they felt unsatisfied overall."
2596765,The sentiment of this review is POSITIVE.
2396966,The sentiment of this review is POSITIVE.
2242565,The sentiment of this review is NEGATIVE.
2495113,The sentiment of this review is POSITIVE.
2632026,The sentiment of this review is POSITIVE.
102686678,The sentiment of this review is POSITIVE.
2709436,The sentiment of this review is POSITIVE.
2581053,"The Avengers as we know them will never reassemble and, in their wake, superhero movies will never be the same again."
102771117,The sentiment of this review is POSITIVE.
2360086,The sentiment of this review is POSITIVE.
102723687,The sentiment of this review is POSITIVE.
102780218,"The sentiment of this review is POSITIVE. The statement 'I will never unsee MODOK' suggests that the reviewer was deeply impressed or affected by MODOK in a memorable way, which is typically a positive reaction."
2665664,"The sentiment of this review is MIXED, leaning towards POSITIVE."
102781269,The sentiment of this review is NEGATIVE.
2527851,The sentiment of this review is POSITIVE.
2087233,The sentiment of this review is NEGATIVE.
2316759,The sentiment of this review is NEGATIVE.
2241409,"The sentiment of this review is NEGATIVE. The comparison to an over-caffeinated Tony Scott suggests excessive energy or chaos, which is not typically a positive attribute for filmmaking. Additionally, mentioning that it's a "
102781076,The sentiment of this review is NEGATIVE.
102780299,"The sentiment of this review is MIXED, leaning towards POSITIVE."
2623234,The sentiment of this review is POSITIVE.
102711075,The sentiment of this review is NEGATIVE.
2519977,The sentiment of this review is NEGATIVE.
2615434,The sentiment of this review is POSITIVE.
2610015,The sentiment of this review is POSITIVE.
1512654,The sentiment of this review is POSITIVE.
1514779,The sentiment of this review is POSITIVE.
2564000,"The sentiment of this review is POSITIVE. The phrase 'weirder and more cosmic than you're probably expecting' suggests that the movie offers an unexpected and potentially exciting experience for viewers, which is generally seen as a positive attribute."
2635082,The sentiment of this review is NEGATIVE.
2487166,The sentiment of this review is POSITIVE.
102779889,The sentiment of this review is POSITIVE.
102693708,"To determine the sentiment of the review, let's analyze its content step by step. The review states that 'Elvis' is the 'Baz Luhrmanniest film Baz Luhrmann has made yet.' This suggests that the reviewer is highlighting a specific characteristic of Baz Luhrmann's style, which in this case seems to be a strong, distinctive visual or thematic approach. The use of 'yet' implies that this film represents the pinnacle or most extreme example of his style so far. Given that there is no negative connotation attached to this statement, it can be inferred that the sentiment is likely positive, as the reviewer is emphasizing the uniqueness and strength of the director's work. Therefore, the sentiment of this review is POSITIVE."
2753843,The sentiment of this review is POSITIVE.
2516482,The sentiment of this review is POSITIVE.
102720394,The sentiment of this review is POSITIVE.
2596788,The sentiment of this review is POSITIVE.
102780632,The sentiment of this review is NEGATIVE.
2241672,The sentiment of this review is NEGATIVE.
2505640,The sentiment of this review is POSITIVE.
102780376,The sentiment of this review is NEGATIVE.
102781215,"The sentiment of this review is NEGATIVE. While it praises Jonathan Majors' performance, the overall tone criticizes the film as an 'incoherent effects-dump,' which is a negative assessment."
2518375,The sentiment of this review is POSITIVE.
2649065,The sentiment of this review is POSITIVE.
102687626,The sentiment of this review is NEGATIVE.
102762411,The sentiment of this review is POSITIVE.
2814371,"The sentiment of this review is NEGATIVE. The phrase 'by-committee' often implies a lack of creativity or originality, and the reviewer seems to be pointing out that while the film uses real-world locations, it still feels formulaic compared to other entries in the MCU."
2241620,The sentiment of this review is NEGATIVE.
102780888,The sentiment of this review is POSITIVE.
2390372,The sentiment of this review is POSITIVE.
2561211,The sentiment of this review is POSITIVE.
2666928,"The sentiment of this review is POSITIVE. While it mentions 'darkness at its core,' the use of words like 'imaginative' and 'comedy-thriller' suggests an engaging and entertaining film."
2595844,The sentiment of this review is POSITIVE.
102780270,"The sentiment of this review is POSITIVE. While it acknowledges that the director does an 'adequate' job, it also highlights the successful blending of different tones in the film, which is presented as a surprise and a strength."
2450987,The sentiment of this review is POSITIVE.
2477902,The sentiment of this review is POSITIVE.
102689778,The Batman
2525254,The sentiment of this review is POSITIVE.
2406214,The sentiment of this review is POSITIVE. The phrase 'cinematic equivalent of the British stiff upper lip' suggests a sense of resilience and stoicism that the reviewer seems to appreciate in Nolan's work.
2643325,The sentiment of this review is POSITIVE.
2478067,The
102781297,The sentiment of this review is NEGATIVE.
2484541,The sentiment of this review is NEGATIVE.
102760710,The sentiment of this review is POSITIVE.
2506743,The Front Runner
1860566,The sentiment of this review is POSITIVE.
2349549,The sentiment of this review is POSITIVE.
2628233,The sentiment of this review is POSITIVE.
2351472,The sentiment of this review is POSITIVE.
2410375,The sentiment of this review is NEGATIVE.
2439019,The sentiment of this review is NEGATIVE.
2262052,The sentiment of this review is POSITIVE.
102780910,The sentiment of this review is NEGATIVE.
2383778,The sentiment of this review is POSITIVE.
102780956,"To determine the sentiment of the review, let's analyze its content step by step. The review mentions that the latest phase of the MCU (Marvel Cinematic Universe) takes place in the Quantum Realm, which could be seen as an intriguing plot device. However, the latter part of the sentence introduces a more negative tone with the question "
2241566,The sentiment of this review is NEGATIVE.
2396740,The sentiment of this review is POSITIVE.
2581308,The sentiment of this review is POSITIVE.
102672691,The sentiment of this review is POSITIVE.
2590566,"To determine the sentiment of the review, we need to analyze the text provided in {reviewText}: 'Thanos on notice!' This phrase suggests that Thanos, likely a character from the Marvel universe, is being warned or put on alert. Given the context, it seems like a statement of action or anticipation rather than an expression of positive or negative emotion. However, without more context, it's difficult to definitively categorize the sentiment as either positive or negative. If we must choose based on the given information alone, it leans slightly towards a sense of excitement or preparation, which could be interpreted as positive. Therefore, the sentiment can be tentatively classified as POSITIVE."
102760622,The sentiment of this review is POSITIVE.
2656622,The sentiment of this review is NEGATIVE.
2651008,"The sentiment of this review is POSITIVE. Although the film is described as 'uncomfortable,' the reviewer highlights positive aspects such as the beautiful cinematography and subtle dialogue, which contribute to a deeper reflection on the themes of the movie."
2567282,"The sentiment of this review is POSITIVE. The phrase 'sturdy gaze' suggests a strong and steady perspective, which is generally seen as a positive attribute in a prequel. Additionally, the word 'forward' implies progress or direction, which is also typically viewed positively."
2666817,The sentiment of this review is POSITIVE.
2588680,The sentiment of this review is POSITIVE.
2241797,The sentiment of this review is NEGATIVE.
2508690,The sentiment of this review is POSITIVE.
2240508,The sentiment of this review is POSITIVE.
102780668,"The sentiment of this review is NEGATIVE. While it acknowledges good performances by certain actors, the overall tone suggests that the movie prioritizes serving the Marvel Cinematic Universe (MCU) narrative over telling a compelling standalone story."
102693906,The sentiment of this review is POSITIVE.
2477825,The sentiment of this review is POSITIVE.
102686401,The sentiment of this review is POSITIVE.
2241522,The sentiment of this review is NEGATIVE.
2540420,The sentiment of this review is POSITIVE.
102756329,The sentiment of this review is NEGATIVE.
2608542,The sentiment of this review is POSITIVE.
102706879,The sentiment of this review is NEGATIVE.
2241729,The sentiment of this review is NEGATIVE.
2528316,The sentiment of this review is NEGATIVE.
2672152,"The sentiment of this review is MIXED, leaning towards NEGATIVE."
1855515,The sentiment of this review is POSITIVE.
102780845,The sentiment of this review is POSITIVE.
2588637,The sentiment of this review is NEGATIVE.
2496568,The sentiment of this review is POSITIVE.
102761149,The sentiment of this review is NEGATIVE.
102779501,The sentiment of this review is NEGATIVE.
2565431,"The sentiment of this review is NEUTRAL. The review suggests that the movie adheres to familiar conventions, which might not excite viewers greatly but would likely satisfy them. The comparison to "
2558046,The sentiment of this review is NEGATIVE.
1813240,The sentiment of this review is POSITIVE.
102710644,The sentiment of this review is NEGATIVE.
2405224,The sentiment of this review is NEGATIVE.
2615499,The sentiment of this review is NEGATIVE.
2241553,The sentiment of this review is NEGATIVE.
102664899,The Batman
102780494,The sentiment of this review is NEUTRAL. The text provides an observation about the predictability of the film's ending based on prior information but does not express a positive or negative opinion about the quality or enjoyment of the film itself.
2537857,The sentiment of this review is POSITIVE.
2714841,"To determine the sentiment of the review, let's analyze the key words and phrases used in the text: 'repellent and pitiful' are negative descriptors, while 'absolutely riveting' is a positive one. The juxtaposition of these terms suggests a complex but ultimately positive impression. Therefore, the overall sentiment leans towards being POSITIVE."
2708342,The sentiment of this review is POSITIVE.
2472790,The sentiment of this review is NEGATIVE.
1926315,The sentiment of this review is POSITIVE.
2323318,The sentiment of this review is POSITIVE.
2361111,The sentiment of this review is NEGATIVE.
2189020,The sentiment of this review is POSITIVE.
102780491,The sentiment of this review is NEGATIVE.
2846359,The sentiment of this review is POSITIVE.
2648711,The sentiment of this review is POSITIVE.
2369639,"The sentiment of this review is MIXED, but leaning towards POSITIVE. The reviewer acknowledges Snyder's skill in visual storytelling while suggesting that his writing may need improvement. However, they also mention that watching the Ultimate Edition changed their opinion positively."
2632031,The sentiment of this review is NEGATIVE.
2477756,The sentiment of this review is POSITIVE.
2636288,The sentiment of this review is NEGATIVE.
102686647,The sentiment of this review is POSITIVE.
2753299,The Wonder Woman 1984
2786752,The sentiment of this review is POSITIVE.
2641930,The sentiment of this review is POSITIVE.
102750327,"The sentiment of this review is MIXED, but it leans more towards NEGATIVE. The review acknowledges positive aspects like 'breathtaking visuals', 'truly shocking moments', and 'another Grammy-worthy soundtrack'. However, it also points out a significant drawback - that the film 'wastes a decent portion of its lengthy two-hour-and-41-minute runtime on setting up spin-offs', which suggests dissatisfaction with how the film uses its runtime."
2466083,The sentiment of this review is POSITIVE.
102663251,The sentiment of this review is POSITIVE.
2610415,The sentiment of this review is POSITIVE.
102686359,The sentiment of this review is POSITIVE.
2564473,The sentiment of this review is POSITIVE.
2490610,The sentiment of this review is POSITIVE.
2672885,The sentiment of this review is POSITIVE.
2723448,The sentiment of this review is POSITIVE.
2620988,The sentiment of this review is POSITIVE.
2654419,The sentiment of this review is NEGATIVE.
2655172,The sentiment of this review is POSITIVE.
1854904,"The sentiment of this review is POSITIVE. The reviewer praises the show as 'state-of-the-art' and highlights its impressive special effects and engaging human drama. While they note that the drama sometimes falls short of its cosmic ambitions, the overall tone remains appreciative."
2506516,The sentiment of this review is POSITIVE.
2847549,The sentiment of this review is POSITIVE.
2241706,The sentiment of this review is NEGATIVE.
2580116,The sentiment of this review is POSITIVE.
1853158,"The sentiment of this review is NEGATIVE. Although it includes the word 'wonderfully', which is positive, the overall tone suggests that the experience was bad ('Terrible'). The use of 'wonderfully terrible' implies a sarcastic or ironic statement, indicating dissatisfaction."
102779545,The sentiment of this review is POSITIVE.
2833660,The sentiment of this review is POSITIVE.
2499706,The sentiment of this review is POSITIVE.
2668034,The sentiment of this review is POSITIVE.
2351456,The sentiment of this review is POSITIVE.
2843541,The sentiment of this review is POSITIVE.
2241616,The sentiment of this review is NEGATIVE.
2088902,The sentiment of this review is POSITIVE.
102719345,"The sentiment of this review is NEGATIVE. The review describes the film as 'uneven' and 'questionable,' which are not positive descriptors. Additionally, the reviewer raises questions about the timing of the film's release in relation to the current administration's efforts to silence the media, suggesting a critical stance."
2595667,The sentiment of this review is POSITIVE.
2654892,The sentiment of this review is POSITIVE.
2574431,The sentiment of this review is POSITIVE.
2478060,The sentiment of this review is POSITIVE.
102780403,The sentiment of this review is POSITIVE.
2478641,The sentiment of this review is POSITIVE.
2241817,"The sentiment of this review is POSITIVE. The review highlights that Liam Neeson survives an explosive car crash - twice, which suggests an exciting and thrilling plot point in the movie 'Taken 3', indicating a positive aspect of the film."
102780769,The sentiment of this review is NEGATIVE.
102780414,The sentiment of this review is NEGATIVE.
2684221,The sentiment of this review is POSITIVE.
2515254,The sentiment of this review is POSITIVE.
2241826,"The sentiment of this review is POSITIVE. The phrase 'right in line with its immediate predecessor' suggests that the sequel maintains the quality or style of the previous work, which is generally seen as a positive attribute."
2806671,"The sentiment of this review is MIXED, as it acknowledges a strength (sharp eye for directing action sequences) but also points out a weakness (flawed script)."
2565636,The sentiment of this review is POSITIVE.
2299869,The sentiment of this review is POSITIVE.
2428693,The sentiment of this review is POSITIVE.
102771443,The sentiment of this review is POSITIVE.
102703223,The sentiment of this review is POSITIVE.
2397327,The sentiment of this review is POSITIVE.
2600627,The sentiment of this review is POSITIVE.
2636648,The sentiment of this review is POSITIVE.
2316431,"The sentiment of this review is MIXED, leaning towards NEGATIVE."
2517876,"To determine the sentiment of the review, let's break it down into its components. The first part, 'Technically, there is no faulting First Man,' suggests that from a technical standpoint, the film is well-executed and without significant flaws. This is a positive statement. However, the second part, 'Dramatically, however, things are a different story,' indicates that while the film may be technically sound, it falls short in terms of drama or emotional impact. The use of 'however' implies a contrast with the first statement, suggesting that the overall sentiment is not entirely positive. Given these points, the sentiment leans more towards negative due to the criticism of the dramatic elements despite the technical praise. Therefore, the sentiment of this review is NEGATIVE."
2566054,The sentiment of this review is POSITIVE.
2784529,The sentiment of this review is POSITIVE.
2359334,The sentiment of this review is NEGATIVE.
102688662,"The sentiment of this review is POSITIVE. The comparison of Tom Cruise to Ethan Hunt highlights Cruise's ability to embody complex characters with depth, which is generally seen as a positive attribute for an actor."
2497821,The sentiment of this review is POSITIVE.
102699925,The sentiment of this review is POSITIVE.
2666780,The sentiment of this review is POSITIVE.
2828433,The sentiment of this review is POSITIVE.
102780524,The sentiment of this review is NEGATIVE.
102686607,The sentiment of this review is POSITIVE.
2599639,The sentiment of this review is POSITIVE.
2549470,The sentiment of this review is POSITIVE.
102721274,The sentiment of this review is POSITIVE.
2397333,The sentiment of this review appears to be NEUTRAL. The review describes the movie's themes without expressing a clear positive or negative opinion.
102692017,The sentiment of this review is POSITIVE.
2455782,The sentiment of this review is POSITIVE.
2503190,The sentiment of this review is POSITIVE.
102782426,"The sentiment of this review is NEGATIVE. While the reviewer acknowledges that it's worth watching and rooting for the underdog, they describe the movie as merely 'fine' rather than 'particularly funny, thrilling, or memorable.'"
2804151,The sentiment of this review is POSITIVE.
102785260,The sentiment of this review is NEGATIVE.
2506743,The Front Runner
2592255,The sentiment of this review is NEGATIVE.
102760549,The sentiment of this review is POSITIVE.
2241644,The sentiment of this review is NEGATIVE.
2525987,The sentiment of this review is NEGATIVE.
2491021,The sentiment of this review is POSITIVE.
2609664,The sentiment of this review is POSITIVE.
2241390,The sentiment of this review is NEGATIVE.
2643423,"The sentiment of this review is POSITIVE. The phrase 'cultural specificity' suggests that the reviewer appreciates the film's connection to its cultural context, and 'deep cuts' implies that the references are well-integrated and meaningful."
2655016,The sentiment of this review is POSITIVE.
2397817,"The sentiment of this review is MIXED, but leans more towards POSITIVE."
2631624,The sentiment of this review is NEGATIVE.
2241564,The sentiment of this review is NEGATIVE.
102780692,"The sentiment of this review is POSITIVE. Although it mentions that the movie shouldn't have been shot almost entirely in The Volume, the review praises Jonathan Majors' performance and describes the film as "
2481804,The sentiment of this review is POSITIVE.
102779531,"The sentiment of this review is NEGATIVE. The phrase 'way, way, way too much' indicates frustration or dissatisfaction with something that was expected to be small but ended up being excessive."
2620307,The sentiment of this review is POSITIVE.
2632681,The sentiment of this review is POSITIVE.
2563982,The first female-led movie of the MCU deserved more
2835470,The sentiment of this review is NEGATIVE.
2700583,The sentiment of this review is POSITIVE.
102751853,The sentiment of this review is POSITIVE.
2608368,The sentiment of this review is POSITIVE.
2460670,The sentiment of this review is POSITIVE.
2638962,The sentiment of this review is POSITIVE.
102724022,"The review has a slightly positive sentiment because it states that 'Taken 3' is better than the previous film, but the phrase 'not by a wide margin' suggests that the improvement is minimal. Therefore, it leans more towards a positive sentiment but with a hint of disappointment."
2751539,The sentiment of this review is POSITIVE.
2600060,The sentiment of this review is POSITIVE.
2467782,The sentiment of this review is POSITIVE.
102779507,"The sentiment of this review is NEGATIVE. The reviewer mentions that the film is 'uneven' and that the script was unsure about the genre, which are not positive attributes."
2656488,The sentiment of this review is POSITIVE.
2306411,The sentiment of this review is NEGATIVE.
2604895,The sentiment of this review is POSITIVE.
2459535,The sentiment of this review is POSITIVE.
2242775,The sentiment of this review is NEGATIVE.
2478045,The sentiment of this review is NEGATIVE.
2665907,The sentiment of this review is POSITIVE.
2316096,"The sentiment of this review is MIXED, leaning towards NEGATIVE."
2651463,The sentiment of this review is POSITIVE.
2602432,The sentiment of this review is POSITIVE.
2580899,The sentiment of this review is POSITIVE.
2654683,The sentiment of this review is NEGATIVE.
102665357,The sentiment of this review is POSITIVE.
2804611,The sentiment of this review is POSITIVE.
2625197,The sentiment of this review is POSITIVE.
102760717,The sentiment of this review is POSITIVE.
2456761,The sentiment of this review is POSITIVE.
2849717,The sentiment of this review is POSITIVE.
2581069,The sentiment of this review is POSITIVE.
2480490,The sentiment of this review is POSITIVE.
2299724,"The sentiment of this review is NEGATIVE. While the reviewer acknowledges some negative aspects like a ludicrous script and lazy adherence to existing text, they conclude with an unexpected positive sentiment by stating they 'can't wait to see it again,' indicating they still enjoy the work despite its flaws."
102706202,"The sentiment of this review is MIXED, leaning towards NEGATIVE."
2484406,"The sentiment of this review is POSITIVE. The reviewer expresses enjoyment of the film, indicating it was 'a lot of fun.' However, they also suggest a desire for more content related to a specific character (the raccoon), which implies that the character was particularly appealing and engaging, enhancing the overall positive experience."
2552604,The film was funny
102780725,"The sentiment of this review is MIXED, leaning towards POSITIVE."
2484774,The sentiment of this review is NEGATIVE.
102784280,The sentiment of this review is NEGATIVE.
102780917,The worst Marvel movie yet...
2245876,The sentiment of this review is NEGATIVE.
2580069,The sentiment of this review is POSITIVE.
2466122,The sentiment of this review is POSITIVE.
2303299,The sentiment of this review is POSITIVE.
2628380,"The sentiment of this review is mixed, but leans POSITIVE. The review acknowledges both the film's discomforting aspects and its heartfelt nature, suggesting an overall positive impression despite some criticisms."
2806489,The sentiment of this review is POSITIVE.
2241345,The sentiment of this review is NEGATIVE.
2347988,The sentiment of this review is POSITIVE.
2148680,The sentiment of this review is NEGATIVE. The use of words like 'pouts' and 'scarcely seems to have more on her mind' suggests a critical tone towards the character's behavior and lack of depth.
2847726,The sentiment of this review is POSITIVE.
2241399,The sentiment of this review is NEGATIVE.
102750279,The sentiment of this review is NEGATIVE.
2654928,The sentiment of this review is NEGATIVE.
2655840,The sentiment of this review is POSITIVE.
102662462,The sentiment of this review is NEGATIVE.
2609973,The sentiment of this review is POSITIVE.
2241639,"To determine the sentiment of the review, let's analyze the key words and overall tone. The phrase 'TAKEN' in all caps suggests a strong emphasis, which could imply excitement or intensity. However, without more context about what exactly is being taken, we can infer that the reviewer is likely referring to something engaging or thrilling. Given the exclamation and the dramatic capitalization, the sentiment seems to be positive, indicating an exciting or captivating experience for the audience. Therefore, the sentiment of this review is POSITIVE."
2693080,The sentiment of this review is POSITIVE.
2367879,"The sentiment of this review is MIXED, but leaning towards POSITIVE. The reviewer states that 'devoted Star Wars fans will be thrilled,' which indicates a positive reception for a specific audience. However, the reviewer also says they 'liked it okay,' suggesting a more neutral or slightly positive personal reaction."
2813366,The sentiment of this review is POSITIVE.
102765576,"The sentiment of this review is POSITIVE. The use of multiple genres and styles suggests a diverse and engaging narrative, which is typically viewed favorably."
102782395,The sentiment of this review is NEGATIVE.
2699630,The sentiment of this review is POSITIVE.
2442734,The sentiment of this review is NEGATIVE.
2359879,The sentiment of this review is POSITIVE.
2262256,The sentiment of this review is POSITIVE.
2442239,The sentiment of this review is POSITIVE.
2621046,The sentiment of this review is POSITIVE.
2360777,The sentiment of this review is POSITIVE.
102780403,The sentiment of this review is POSITIVE.
1169168,The sentiment of this review is NEGATIVE.
2704185,The sentiment of this review is POSITIVE.
102789231,The sentiment of this review is NEGATIVE.
102711913,The sentiment of this review is POSITIVE.
2397575,The sentiment of this review is POSITIVE.
2654379,The sentiment of this review is NEGATIVE.
2522243,The sentiment of this review is POSITIVE.
102701782,The sentiment of this review is POSITIVE.
2451970,The sentiment of this review is POSITIVE.
2582238,The sentiment of this review is POSITIVE.
102780916,The sentiment of this review is POSITIVE.
2241582,The sentiment of this review is NEGATIVE.
2358600,The sentiment of this review is POSITIVE.
102779616,"The sentiment of this review is NEGATIVE. The phrase 'anything but a quantum leap' suggests that the improvement, if any, is minimal and not significant enough to be considered substantial."
2506742,The sentiment of this review is NEGATIVE.
2392449,The sentiment of this review is POSITIVE.
2539159,The sentiment of this review is POSITIVE.
102779560,The sentiment of this review is POSITIVE.
102763189,The sentiment of this review is POSITIVE.
2618924,"To determine the sentiment of the review, let's analyze its content step by step. The review mentions that Tarantino's approach to filmmaking is described as intellectual, which can be seen as positive. However, it also states that he wants to be perceived as a "
2360340,"The sentiment of this review is NEGATIVE. The phrase 'a slog of exposition' suggests that the reviewer found the initial part of the work tedious or difficult to get through. However, the mention of 'glimpses of better sequels' indicates there is some potential for improvement in future installments, which slightly softens the overall negative tone."
2442325,The sentiment of this review is POSITIVE.
2656783,The sentiment of this review is POSITIVE.
2598180,The sentiment of this review is POSITIVE.
2371994,The sentiment of this review is NEGATIVE.
2342790,The sentiment of this review is NEGATIVE.
2836939,The sentiment of this review is POSITIVE.
2087310,The sentiment of this review is POSITIVE.
102780388,"The sentiment of this review is MIXED, but leaning towards POSITIVE. The phrase 'bigger does mean better' suggests a positive outlook, while 'not without a few growing pains' indicates some negatives."
2552454,The sentiment of this review is POSITIVE.
2518362,The sentiment of this review is POSITIVE.
2600758,The sentiment of this review is POSITIVE.
2468089,The sentiment of this review is NEGATIVE.
2624609,The sentiment of this review is POSITIVE.
2623233,The sentiment of this review is POSITIVE.
2648014,The sentiment of this review is POSITIVE.
2541234,The Front Runner
2660589,The sentiment of this review is POSITIVE.
2589472,The sentiment of this review is POSITIVE.
2753578,The sentiment of this review is POSITIVE.
2591469,The sentiment of this review is POSITIVE.
2467064,The sentiment of this review is POSITIVE.
2241263,The sentiment of this review is NEGATIVE.
1853770,The sentiment of this review is NEGATIVE.
2709412,The sentiment of this review is POSITIVE.
2603104,"The sentiment of this review is POSITIVE. The reviewer describes Jake Gyllenhaal's character, Mysterio, as 'one of the most interesting villains from the Marvel factory,' which indicates a favorable impression."
2636898,The sentiment of this review is NEGATIVE.
2241700,"The sentiment of this review is NEGATIVE. The reviewer finds the movie 'Taken 3' so unintentionally hilarious that it implies the film is poorly made or lacks quality, leading them to question if there are clauses in movie contracts for such situations. This suggests a negative perception of the film."
102779654,The sentiment of this review is POSITIVE.
2380615,The sentiment of this review is POSITIVE.
2460614,The sentiment of this review is POSITIVE.
2813286,The sentiment of this review is POSITIVE.
2299625,The sentiment of this review is POSITIVE.
2699519,The sentiment of this review is POSITIVE.
102781954,The sentiment of this review is NEGATIVE.
2356181,The sentiment of this review is POSITIVE.
2780780,The sentiment of this review is POSITIVE.
2481111,"The sentiment of this review is MIXED, leaning towards POSITIVE."
2524015,The sentiment of this review is NEGATIVE.
2834257,The sentiment of this review is POSITIVE.
2581639,"To determine the sentiment of the review, let's analyze its key phrases and overall tone. The review mentions 'notable ups and downs' indicating a mixed experience throughout the franchise. However, it also refers to the franchise as 'the most lucrative franchise in the history of cinema,' which is a strong positive statement. The concluding remark about the 'conclusion is no exception' suggests that the final film might not be as good as expected, but it doesn't completely negate the positive aspects mentioned earlier. Given these points, the overall sentiment leans more towards positive due to the significant praise for the franchise's success, even if the final entry may have disappointed. Therefore, the sentiment of this review can be classified as POSITIVE."
2581488,The sentiment of this review is POSITIVE.
2548583,The sentiment of this review is NEGATIVE.
2806917,The sentiment of this review is POSITIVE.
2805882,The sentiment of this review is POSITIVE.
2653205,The Irishman
2467895,The sentiment of this review is POSITIVE.
2300782,The sentiment of this review is NEGATIVE.
102708833,The sentiment of this review is NEGATIVE.
2649266,The sentiment of this review is POSITIVE.
2564821,The sentiment of this review is NEGATIVE.
2480673,The sentiment of this review is NEGATIVE.
2754532,The sentiment of this review is POSITIVE.
2486528,The sentiment of this review is POSITIVE.
2655926,The sentiment of this review is POSITIVE.
2087351,The sentiment of this review is NEGATIVE.
2536977,"To determine the sentiment of the review, let's analyze its key elements. The review mentions Jackman capturing 'self-confidence bordering on arrogance,' which could be seen as a criticism. However, it also notes that this trait 'blinded Hart to the precariousness of his position,' which suggests a negative outcome due to this confidence. Given these points, the overall tone seems critical rather than praising. Therefore, the sentiment of this review can be classified as NEGATIVE."
2849087,The sentiment of this review is POSITIVE.
2524587,The Last Jedi
102750290,"The sentiment of this review is POSITIVE. The review describes 'Black Panther: Wakanda Forever' as a meaningful story about legacy and loss, which suggests the reviewer found value and emotional depth in the film."
1177017,The sentiment of this review is POSITIVE.
102662388,The sentiment of this review is POSITIVE.
2566839,The sentiment of this review is POSITIVE.
2441369,The sentiment of this review is POSITIVE.
2316059,"The sentiment of this review is NEGATIVE. The statement uses a metaphor comparing the product to a mix of generic and own-label versions of popular characters, implying that it lacks quality or authenticity."
102686753,The sentiment of this review is NEGATIVE.
102761329,The sentiment of this review is POSITIVE.
2615452,The sentiment of this review is POSITIVE.
2601034,The sentiment of this review is POSITIVE.
2241934,The sentiment of this review is NEGATIVE.
2839516,The sentiment of this review is NEGATIVE.
2829828,The sentiment of this review is POSITIVE.
2374041,The sentiment of this review is POSITIVE.
102779557,"The sentiment of this review is MIXED, leaning towards NEGATIVE. The review acknowledges the film's imaginative qualities but ultimately suggests that it feels like a less engaging interlude in the broader narrative of the franchise."
2580351,The sentiment of this review is POSITIVE.
2591531,The sentiment of this review is POSITIVE.
2524372,The sentiment of this review is NEGATIVE.
102780049,The sentiment of this review is NEGATIVE.
2654212,The sentiment of this review is POSITIVE.
2316281,"To determine the sentiment of the review, let's analyze its key components. The review describes the sequel as functioning in multiple roles: an origin story, an apology (likely for previous shortcomings), and a harbinger of a new expanded universe with overpopulated action sequences. While it acknowledges the film's multifaceted nature and hints at potential future content, the use of 'overpopulated' suggests a negative connotation, implying excess or lack of quality. Therefore, the overall sentiment leans towards being NEGATIVE."
102780644,"The sentiment of this review is POSITIVE. Although the tone is described as 'goofy' and 'all over the place,' the review praises Jonathan Majors' performance as the villain, stating that he 'nails it.'"
2553547,The sentiment of this review is POSITIVE.
1513037,The sentiment of this review is POSITIVE.
2679763,The sentiment of this review is POSITIVE.
2794301,"To determine the sentiment of the review, let's analyze the key phrases and their implications. The review mentions that the prequel is 'a potpourri of classic rock songs and needle drops,' which could be seen as a positive aspect for fans of those genres. However, it also notes that the film is 'Running at over two hours long,' which might be perceived negatively by some viewers who prefer shorter films. The reviewer highlights 'costume and set design by far the most interesting of its traits,' indicating a positive sentiment towards these elements. Overall, while there are both positive and negative aspects mentioned, the emphasis on the interesting costume and set design leans the sentiment more towards positive. Therefore, the sentiment of this review can be classified as POSITIVE."
2241351,The sentiment of this review is NEGATIVE.
2588903,The sentiment of this review is POSITIVE.
2650471,The sentiment of this review is POSITIVE.
102698557,The sentiment of this review is POSITIVE.
2605522,The sentiment of this review is NEGATIVE.
1172466,The sentiment of this review is POSITIVE.
2656213,The sentiment of this review is POSITIVE.
102688701,The sentiment of this review is POSITIVE.
2656112,The sentiment of this review is POSITIVE.
102779524,The sentiment of this review is POSITIVE.
2367765,The sentiment of this review is POSITIVE.
2463847,The sentiment of this review is POSITIVE.
2608719,The sentiment of this review is POSITIVE.
2623734,"The sentiment of this review is POSITIVE, despite the use of 'flawed,' which is typically negative, the prefix 'fabulously' suggests that the flaws are significant but in a way that enhances the overall positive impression."
102780041,"The sentiment of this review is POSITIVE. Although the reviewer acknowledges that there's no guarantee of loving the experience, they encourage engagement with the uncertainty and ambiguity, suggesting an intriguing and worthwhile visit."
2478054,The sentiment of this review is POSITIVE.
2086990,The sentiment of this review is NEGATIVE.
2623787,The sentiment of this review is POSITIVE.
2087266,The sentiment of this review is NEGATIVE.
2382871,The sentiment of this review is POSITIVE.
102780001,"The sentiment of this review is POSITIVE. Although the reviewer mentions that the script is 'frustratingly uneven,' they still highlight the positive aspects by stating that Michelle Pfeiffer and Jonathan Majors 'really shine,' which indicates an overall favorable view of the performances."
102751778,The sentiment of this review is NEGATIVE.
2241653,The sentiment of this review is NEGATIVE.
102783989,The sentiment of this review is POSITIVE.
2654387,The sentiment of this review is NEGATIVE.
2361957,The sentiment of this review is POSITIVE.
2478117,The sentiment of this review is POSITIVE.
2689016,The sentiment of this review is NEGATIVE.
2633198,The sentiment of this review is NEGATIVE.
2615923,The sentiment of this review is NEGATIVE.
2487088,The sentiment of this review is POSITIVE.
2241651,The sentiment of this review is NEGATIVE.
102723923,The sentiment of this review is POSITIVE.
2591957,The sentiment of this review is POSITIVE.
102711533,The sentiment of this review is POSITIVE.
2647328,The sentiment of this review is POSITIVE.
2479739,The sentiment of this review is POSITIVE.
2393066,The sentiment of this review is POSITIVE.
2836364,The sentiment of this review is POSITIVE.
2604483,The sentiment of this review is POSITIVE.
102707942,The sentiment of this review is NEGATIVE. The phrases 'emasculated' and 'rote work' suggest that the reviewer finds the character and performance lacking in depth and excitement.
2499778,The sentiment of this review is NEGATIVE.
2525372,The sentiment of this review is POSITIVE.
2699701,The sentiment of this review is POSITIVE.
2241147,The sentiment of this review is NEGATIVE.
2632686,The sentiment of this review is POSITIVE.
102665616,The sentiment of this review is POSITIVE.
2371891,The sentiment of this review is POSITIVE.
1168937,The sentiment of this review is POSITIVE.
2482427,"The sentiment of this review is POSITIVE. The phrase 'dependable template' suggests that the movie adheres to a formula that works well, which is generally seen as a positive attribute."
102780821,The sentiment of this review is NEGATIVE.
2602762,"The sentiment of this review is MIXED, leaning towards NEGATIVE."
2459004,"The sentiment of this review appears to be POSITIVE. The review highlights the focus on family and flawed heroes, which suggests a nuanced and relatable narrative that may be seen as a strength."
102779975,The post-Endgame MCU continues to be a slog
2596132,The sentiment of this review is POSITIVE.
2321587,The sentiment of this review is NEGATIVE.
2630234,The sentiment of this review is POSITIVE.
2394142,The sentiment of this review is NEGATIVE.
102780725,"The sentiment of this review is MIXED, leaning towards POSITIVE."
2446576,The sentiment of this review is NEGATIVE.
2506076,The sentiment of this review is NEGATIVE.
2460409,The sentiment of this review is POSITIVE.
102779761,"The sentiment of this review is NEGATIVE. The review criticizes the film for using excessive visual effects ('throws every can of paint in the garage at the screen') and issues with tone and character dynamics. While it praises Jonathan Majors' performance, the overall tone is critical."
102779544,The sentiment of this review is NEGATIVE.
1854848,The sentiment of this review is NEGATIVE.
2509376,The sentiment of this review is NEGATIVE.
2397436,The sentiment of this review is POSITIVE.
102780869,"The sentiment of this review is MIXED, leaning towards POSITIVE."
102662387,The sentiment of this review is POSITIVE.
2564776,The sentiment of this review is POSITIVE.
2316339,The sentiment of this review is NEGATIVE.
102782142,The sentiment of this review is POSITIVE.
2638808,The sentiment of this review is POSITIVE.
2801933,The sentiment of this review is POSITIVE.
2241537,The sentiment of this review is NEGATIVE.
2261510,The sentiment of this review is POSITIVE.
2634751,The sentiment of this review is POSITIVE.
2432993,The sentiment of this review is POSITIVE.
2601463,The sentiment of this review is POSITIVE.
2691294,The sentiment of this review is POSITIVE.
102781291,The sentiment of this review is POSITIVE.
2478053,The sentiment of this review is POSITIVE.
2654366,The sentiment of this review is POSITIVE.
2814116,The sentiment of this review is POSITIVE.
102779975,The post-Endgame MCU continues to be a slog
2837358,The sentiment of this review is POSITIVE.
2242710,The sentiment of this review is NEGATIVE.
2597003,The sentiment of this review is POSITIVE.
102699205,The sentiment of this review is POSITIVE.
2458742,The sentiment of this review is POSITIVE.
2261315,"The sentiment of this review is POSITIVE. The reviewer compares 'Mad Max: Fury Road' to a non-stop, action-packed trailer and the circus, which suggests they found the film exciting and engaging with a lot happening throughout its runtime."
2452632,The sentiment of this review is NEGATIVE.
2242314,The sentiment of this review is NEGATIVE.
2522529,The sentiment of this review is POSITIVE.
102782018,"The sentiment of this review is mixed, but leans POSITIVE. The reviewer finds the movie 'weirdest' and 'most fun,' which are positive descriptors. However, they also mention that it is 'bogged down' by its role in the larger Marvel narrative, which is a negative aspect."
2599143,The sentiment of this review is NEGATIVE.
2241493,The sentiment of this review is NEGATIVE.
102780006,The sentiment of this review is POSITIVE.
102780837,"The sentiment of this review is NEGATIVE. The comparison to a Roger Corman film, known for low-budget productions, and the suggestion that even a much larger budget would only get you halfway there, implies that the quality of the film being reviewed is still quite poor."
2631514,The sentiment of this review is POSITIVE.
102781374,"The sentiment of this review is MIXED, leaning towards NEGATIVE."
102663060,The sentiment of this review is POSITIVE.
2530364,The sentiment of this review is NEGATIVE.
1168247,The sentiment of this review is POSITIVE.
2585568,The sentiment of this review is POSITIVE.
1162480,The sentiment of this review is POSITIVE.
2609560,The Lion King
2625256,The sentiment of this review is POSITIVE.
2570245,The sentiment of this review is POSITIVE.
102780769,The sentiment of this review is NEGATIVE.
2087251,The Snow White and the Huntsman
2479730,The sentiment of this review is NEGATIVE.
1854950,The sentiment of this review is NEGATIVE.
2598960,"The sentiment of this review is MIXED, leaning towards NEGATIVE."
102760579,The sentiment of this review is NEGATIVE. The phrase 'only part of me that was moved were my eyeballs' suggests a lack of emotional connection or impact from whatever is being reviewed.
102659032,The sentiment of this review is POSITIVE.
2241658,The sentiment of this review is NEGATIVE.
2299617,The sentiment of this review is POSITIVE.
2780486,The sentiment of this review is POSITIVE.
2625327,The sentiment of this review is POSITIVE.
2471637,The sentiment of this review is POSITIVE.
2467926,The sentiment of this review is POSITIVE.
2566531,"To determine the sentiment of the review, let's analyze its content step by step. The review starts with a concession that Marvel films can be mediocre and confusing, which is a neutral statement. However, it then shifts to discussing the importance of how female characters are represented in these films, implying that there are higher expectations for these portrayals. This suggests a more critical perspective on the quality of representation in the films. Given the context, the sentiment leans towards being more concerned about the quality of female character representation rather than praising the films. Therefore, the overall sentiment of the review can be considered NEGATIVE, as it highlights a perceived lack of proper representation despite acknowledging the films' potential for mediocrity.}"
2504617,"The sentiment of this review is mixed, but leans more towards POSITIVE. The reviewer praises the film for its quality and the lead performance, using positive descriptors like 'beautifully made' and 'impeccable'. However, there is a negative aspect mentioned regarding the 'extended closing sequences' that 'stall', suggesting a letdown in the end."
102779541,"The sentiment of this review is MIXED, leaning towards NEGATIVE. While the reviewer acknowledges that the film is 'fun,' they criticize it for feeling 'shackled' and not being 'mind-bending.' The overall tone suggests disappointment despite some enjoyment."
2600570,The sentiment of this review is POSITIVE.
2656609,The sentiment of this review is POSITIVE.
2756080,The sentiment of this review is NEGATIVE.
2606639,The sentiment of this review is NEGATIVE.
2632446,The sentiment of this review is POSITIVE.
2362747,The sentiment of this review is POSITIVE.
2606349,The sentiment of this review is POSITIVE.
2427175,The sentiment of this review is NEGATIVE.
2637645,"The sentiment of this review is NEGATIVE. The review describes a descent into primal levels of reaction and mentions the absence of superheroes, which suggests a critical tone towards the content being reviewed."
2506077,The sentiment of this review is POSITIVE.
2241669,"The sentiment of this review is MIXED, leaning towards POSITIVE."
2579800,The sentiment of this review is POSITIVE.
1855553,The sentiment of this review is POSITIVE.
102780748,The sentiment of this review is NEGATIVE.
102711470,"The sentiment of this review is MIXED, leaning towards NEGATIVE. The review acknowledges positive aspects ('one part brilliant') but also highlights significant drawbacks ('three parts frustrating'). The overall tone suggests that while the film has its merits, it also falls short in several areas."
2563995,The sentiment of this review is POSITIVE.
2819809,The sentiment of this review is POSITIVE.
2517443,The sentiment of this review is POSITIVE.
1854919,The sentiment of this review is NEGATIVE.
2552046,"The militancy of Lee is more than obvious, but BlackKklansman is not a political-racial pamphlet"
2626020,The sentiment of this review is NEGATIVE.
2478047,"The sentiment of this review is NEGATIVE. The phrase 'your mileage may vary' suggests that the experience or outcome can differ from person to person, implying a lack of consistency or reliability in the movie's quality. This is further emphasized by comparing it to the myth about the Kessel Run, which is known for being an urban legend in the Star Wars universe, suggesting that the movie might not live up to expectations or hype."
2800992,The sentiment of this review is POSITIVE.
2242836,The sentiment of this review is NEGATIVE.
1855484,The sentiment of this review is NEGATIVE.
2632273,The sentiment of this review is POSITIVE.
2598751,The sentiment of this review is POSITIVE.
2405281,The sentiment of this review is POSITIVE.
2600326,The sentiment of this review is POSITIVE.
102662392,The sentiment of this review is POSITIVE.
2347785,The sentiment of this review is POSITIVE.
102779585,The sentiment of this review is NEGATIVE.
102779486,The sentiment of this review is POSITIVE.
2456447,The sentiment of this review is POSITIVE.
2833546,The sentiment of this review is POSITIVE.
102708494,The sentiment of this review is NEGATIVE.
102761052,The sentiment of this review is POSITIVE.
2455605,The sentiment of this review is POSITIVE.
2834158,The sentiment of this review is POSITIVE.
2379494,The sentiment of this review is POSITIVE.
102780041,"The sentiment of this review is POSITIVE. Although the reviewer acknowledges that there's no guarantee of loving the experience, they encourage engagement with the uncertainty and ambiguity, suggesting an intriguing and worthwhile visit."
2487095,The sentiment of this review is NEGATIVE.
102782650,The sentiment of this review is NEGATIVE.
2469490,The sentiment of this review is POSITIVE.
2603167,The sentiment of this review is POSITIVE.
2433692,The sentiment of this review is POSITIVE.
2262007,The sentiment of this review is POSITIVE.
2499302,The sentiment of this review is POSITIVE.
2302525,The sentiment of this review is POSITIVE.
2794132,The sentiment of this review is NEGATIVE.
2800441,The sentiment of this review is POSITIVE.
2539629,The sentiment of this review is POSITIVE.
2442371,The sentiment of this review is POSITIVE.
2552891,The sentiment of this review is POSITIVE.
102782769,The sentiment of this review is NEGATIVE.
2324005,The sentiment of this review is POSITIVE.
102700319,The sentiment of this review is POSITIVE.
2427877,The sentiment of this review is NEGATIVE.
2833691,The sentiment of this review is NEGATIVE.
2815870,The sentiment of this review is POSITIVE.
2241305,The sentiment of this review is NEGATIVE.
102656103,The sentiment of this review is POSITIVE.
2566194,The sentiment of this review is POSITIVE.
2525484,The sentiment of this review is POSITIVE.
2473253,The sentiment of this review is POSITIVE.
102789361,The sentiment of this review is NEGATIVE. The reviewer expresses confusion and dissatisfaction with the choice of Ant-Man for a particular task related to ushering in Phase 5 of Marvel films.
2786183,The sentiment of this review is POSITIVE.
2241619,The sentiment of this review is NEGATIVE.
2502946,The sentiment of this review is POSITIVE.
2473249,The Russo brothers are the true superpower of the Marvel universe
1855500,The Ron Jeremy of disaster porn
2707939,"The sentiment of this review is NEGATIVE. While the reviewer acknowledges that the film is 'highly realistic' and 'emotionally draining,' which could be seen as positive attributes for some viewers, the overall tone is critical. The reviewer suggests that the title is misleading and recommends a different title ('Divorce Story') instead, implying that the current title does not accurately represent the content of the film. Additionally, describing the experience as 'emotionally draining' can be interpreted as a negative aspect for potential viewers who might prefer a more uplifting or entertaining film. Therefore, the sentiment leans towards negative due to these criticisms and the implied disappointment with the title.}"
2484540,The sentiment of this review is NEGATIVE.
2478458,The sentiment of this review is NEGATIVE.
2457781,The sentiment of this review is POSITIVE.
102779968,The sentiment of this review is NEGATIVE.
2798961,The sentiment of this review is POSITIVE.
2367110,"The sentiment of this review is NEUTRAL to SLIGHTLY NEGATIVE. The phrase 'unobjectionable exercise' suggests that while the movie is not bad, it also doesn't stand out as particularly good. The use of 'fine' and 'it'll do' implies a lack of enthusiasm, and 'for now' suggests that the reviewer may expect better in the future."
102781297,The sentiment of this review is NEGATIVE.
2655611,The sentiment of this review is POSITIVE.
2688460,The sentiment of this review is POSITIVE.
2473238,The sentiment of this review is POSITIVE.
2509104,The sentiment of this review is POSITIVE.
2629486,The sentiment of this review is POSITIVE.
102687402,The sentiment of the review 'a bit of a fizzle' is NEGATIVE.
1813083,The sentiment of this review is POSITIVE.
102719989,"The MCU's Captain Marvel is well-paced, with a handful of moments of strategically placed humor, is solidly acted from start to finish."
102780491,The sentiment of this review is NEGATIVE.
2672866,The sentiment of this review is POSITIVE.
2528427,The sentiment of this review is POSITIVE.
2669624,The sentiment of this review is POSITIVE.
102779701,The sentiment of this review is NEGATIVE.
2503925,The sentiment of this review is POSITIVE.
2527139,The sentiment of this review is POSITIVE.
102781359,The review text
2654524,The sentiment of this review is POSITIVE.
2186256,"The sentiment of this review is NEGATIVE. The reviewer seems to be sarcastic and critical of another male heterosexual critic who praises 'Blue Is the Warmest Color,' implying that such a positive review is unwarranted or biased."
2638459,The sentiment of this review is NEUTRAL. The statement does not express a clear positive or negative opinion but rather describes the film's focus on both the character and the audience's experience.
2505596,The sentiment of this review is POSITIVE.
2522962,The sentiment of this review is NEGATIVE.
2496422,The sentiment of this review is POSITIVE.
2601809,The sentiment of this review is POSITIVE.
2599671,The sentiment of this review is POSITIVE.
2630992,The sentiment of this review is POSITIVE.
2579884,The sentiment of this review is POSITIVE.
102780792,The sentiment of this review is POSITIVE.
2640858,The sentiment of this review is POSITIVE.
2581062,The sentiment of this review is POSITIVE.
2488909,The sentiment of this review is POSITIVE.
2830246,The sentiment of this review is NEGATIVE.
2555747,The sentiment of this review is POSITIVE.
2482452,The only characters who behave rationally are the dinosaurs
2087684,The sentiment of this review is NEGATIVE.
2833535,The sentiment of this review is NEGATIVE.
2502811,The sentiment of this review is POSITIVE.
2855184,The sentiment of this review is POSITIVE.
2605712,The sentiment of this review is POSITIVE.
2552342,The sentiment of this review is NEGATIVE.
102782396,"To determine the sentiment of the review, we need to analyze the content of the provided text: 'Crawls instead of buzzes.' This statement suggests that something (likely a product) moves in a slow, unsteady manner rather than in a quick, efficient way. The comparison to buzzing implies that crawling is less desirable, as buzzing typically indicates speed and efficiency. Therefore, the sentiment here is likely NEGATIVE, as the reviewer seems to be expressing dissatisfaction with the product's performance."
2667759,The sentiment of this review is POSITIVE.
102689407,"The sentiment of this review is NEUTRAL to SLIGHTLY NEGATIVE. The phrase 'business-as-usual' suggests a lack of innovation or excitement, while 'detritus' implies that the source material is of poor quality. However, the statement does not explicitly criticize the Marvel movies themselves but rather the process by which they are produced."
2554899,"The sentiment of this review is POSITIVE, as it acknowledges the humor and wit that are hallmarks of Marvel's work while also describing the movie as the darkest and most devastating, indicating a strong emotional impact."
2635426,The sentiment of this review is POSITIVE.
2588545,"The sentiment of this review is MIXED, leaning towards POSITIVE."
2693578,The sentiment of this review is POSITIVE.
2819804,The sentiment of this review is POSITIVE.
2480350,The sentiment of this review is NEGATIVE.
2566549,The sentiment of this review is NEGATIVE.
2240884,The sentiment of this review is NEGATIVE.
2480756,The Solo
2367384,The sentiment of this review is NEGATIVE.
2539822,The sentiment of this review is POSITIVE.
102779962,"The sentiment of this review is NEGATIVE. The reviewer criticizes the visual aspects of the film, mentioning that it is 'messy and flat' with 'shockingly poor' CGI and 'muddled' action. However, they do offer a slight positive note by stating that the cast is one of the best in a Marvel film."
102780948,The sentiment of this review is POSITIVE. The reviewer acknowledges 'plenty of bumps on the journey' but emphasizes the positive aspects such as being 'fully invested' in the performances of Jonathan Majors and Paul Rudd.
2510820,The sentiment of this review is POSITIVE.
2576876,The sentiment of this review is NEGATIVE.
102784591,The sentiment of this review is NEGATIVE.
2397587,The sentiment of this review is POSITIVE.
2630568,The sentiment of this review is POSITIVE.
2350942,The sentiment of this review is POSITIVE.
2561040,The sentiment of this review is POSITIVE.
2804703,The sentiment of this review is POSITIVE.
2428780,The sentiment of this review is POSITIVE.
102781074,"The sentiment of this review is NEGATIVE. The phrase 'I didn't feel a thing' suggests a lack of emotion or response, which can be interpreted as a negative experience or reaction."
2656242,The sentiment of this review is POSITIVE.
2241799,The sentiment of this review is NEGATIVE.
1162480,The sentiment of this review is POSITIVE.
2655593,The sentiment of this review is POSITIVE.
2387487,The sentiment of this review is NEGATIVE.
2486089,The sentiment of this review is POSITIVE.
2804879,The sentiment of this review is POSITIVE.
102663994,The sentiment of this review is POSITIVE.
2473218,The sentiment of this review is POSITIVE.
2241268,The sentiment of this review is NEGATIVE.
2809918,The sentiment of this review is POSITIVE.
2598048,The sentiment of this review is POSITIVE.
2478087,The sentiment of this review is POSITIVE.
1854535,The sentiment of this review is NEGATIVE.
2637111,The Lighthouse
2752201,The sentiment of this review is POSITIVE.
2663989,The sentiment of this review is POSITIVE.
2596738,The sentiment of this review is POSITIVE.
102767143,The sentiment of this review is POSITIVE.
102783315,The sentiment of this review is NEGATIVE.
2622295,The sentiment of this review is POSITIVE.
2241513,The sentiment of this review is NEGATIVE.
2802316,The sentiment of this review is POSITIVE.
2241860,The sentiment of this review is POSITIVE.
2655948,The sentiment of this review is POSITIVE.
2481049,The sentiment of this review is POSITIVE.
2526490,The sentiment of this review is NEGATIVE.
102666539,The sentiment of this review is POSITIVE.
102688684,The sentiment of this review is POSITIVE.
2397159,The sentiment of this review is POSITIVE.
2531705,The sentiment of this review is POSITIVE.
2582978,The sentiment of this review is POSITIVE.
2844644,The only thing 'super' about Eternals is its ability to cure insomnia.
2634598,The sentiment of this review is POSITIVE.
102702358,The sentiment of this review is POSITIVE.
102688670,The sentiment of this review is POSITIVE.
2644654,"The sentiment of this review is MIXED, leaning towards NEGATIVE. The review acknowledges positive aspects like a 'stimulating and different story' but criticizes the 'unbelievable and poorly presented action sequences.' The overall tone suggests dissatisfaction with the latter aspect despite the former."
2655780,The sentiment of this review is POSITIVE.
2321621,The sentiment of this review is POSITIVE.
2382574,The sentiment of this review is NEGATIVE.
2803486,The sentiment of this review is NEGATIVE.
2522795,The sentiment of this review is POSITIVE.
102780989,The sentiment of this review is NEGATIVE. The reviewer expresses dissatisfaction with the film's primary purpose as setup for future installments and questions the necessity of its length.
102782650,The sentiment of this review is NEGATIVE.
102764258,The sentiment of this review is POSITIVE.
102780916,The sentiment of this review is POSITIVE.
2514816,The sentiment of this review is POSITIVE.
2655740,The sentiment of this review is POSITIVE.
2261673,The sentiment of this review is NEGATIVE.
102714247,"The sentiment of this review is POSITIVE. The review describes the film as 'original' and a 'Hollywood spectacle,' which are generally positive descriptors."
2500039,The sentiment of this review is POSITIVE.
2442285,The Last Jedi
2455633,The sentiment of this review is POSITIVE.
2748201,The sentiment of this review is NEGATIVE.
2473764,The sentiment of this review is POSITIVE.
2474090,The review text
2415892,The sentiment of this review is POSITIVE.
102782769,The sentiment of this review is NEGATIVE.
2442293,The sentiment of this review is NEGATIVE.
2549224,The sentiment of this review is POSITIVE.
2809349,The sentiment of this review is POSITIVE.
2241542,The sentiment of this review is NEGATIVE.
2526563,The sentiment of this review is POSITIVE.
2429128,"The sentiment of this review is NEGATIVE. The phrase 'all the more painful for it' suggests that while the film is described as 'very human,' its emotional impact is considered a drawback rather than a positive attribute."
2406200,The sentiment of this review is POSITIVE.
2580217,The sentiment of this review is POSITIVE.
102782734,The sentiment of this review is POSITIVE.
2534997,The sentiment of this review is POSITIVE.
2608547,The sentiment of this review is POSITIVE.
102779701,The sentiment of this review is NEGATIVE.
2654413,The sentiment of this review is POSITIVE.
102664500,The sentiment of this review is NEGATIVE.
2545734,The sentiment of this review is POSITIVE.
2396734,The sentiment of this review is POSITIVE.
2637708,The sentiment of this review is POSITIVE.
2411103,The sentiment of this review is NEGATIVE.
2570470,The sentiment of this review is POSITIVE.
2256746,The sentiment of this review is NEGATIVE.
2520796,The sentiment of this review is POSITIVE.
2810419,The sentiment of this review is POSITIVE.
102781469,The sentiment of this review is POSITIVE.
2380610,The sentiment of this review is POSITIVE.
2546829,The sentiment of this review is POSITIVE.
2399199,The sentiment of this review is POSITIVE.
102780513,"The sentiment of this review is mixed, but leans more towards NEGATIVE. While it praises Rudd's performance and Majors' villainous role, it criticizes the talky script and messy action scenes."
2664988,The sentiment of this review is NEGATIVE.
2580443,The sentiment of this review is POSITIVE.
2478089,The sentiment of this review is POSITIVE.
2459285,"The sentiment of this review is POSITIVE. The phrase 'clear-eyed view' suggests a realistic and insightful perspective, which is generally seen as a positive attribute."
2620173,The sentiment of this review is POSITIVE.
2610231,The sentiment of this review is POSITIVE.
2545601,The sentiment of this review is POSITIVE.
2631030,The sentiment of this review is POSITIVE.
2674322,The sentiment of this review is POSITIVE.
2474517,"The sentiment of this review is POSITIVE. The use of 'breezy' suggests a light-hearted or enjoyable experience, while 'bloated' might imply that the film is long or has too much content, but it doesn't necessarily detract from the overall positive impression."
102784591,The sentiment of this review is NEGATIVE.
2516220,The sentiment of this review is POSITIVE.
2557553,The sentiment of this review is POSITIVE.
2635008,The sentiment of this review is POSITIVE.
2587665,The sentiment of this review is NEGATIVE.
102784175,The sentiment of this review is NEGATIVE.
102779743,The sentiment of this review is NEGATIVE.
102716276,The sentiment of this review is POSITIVE.
2581591,The sentiment of this review is POSITIVE.
102779630,The sentiment of this review is POSITIVE.
102780989,The sentiment of this review is NEGATIVE. The reviewer expresses dissatisfaction with the film's primary purpose as setup for future installments and questions the necessity of its length.
2582343,The sentiment of this review is POSITIVE.
102779543,"The sentiment of this review is POSITIVE, but it comes with a conditional caveat. The reviewer suggests that the experience would be enjoyable if one can overlook the convoluted plot."
2443485,The sentiment of this review is POSITIVE.
102766551,The sentiment of this review is POSITIVE.
2524348,The sentiment of this review is POSITIVE.
2706381,The sentiment of this review is NEGATIVE.
2473492,The sentiment of this review is POSITIVE.
2523239,The sentiment of this review is POSITIVE.
2647530,The sentiment of this review is NEGATIVE.
2598225,The sentiment of this review is POSITIVE.
2519593,The sentiment of this review is POSITIVE.
1169980,"The sentiment of this review is POSITIVE. While it notes that 'the deep thematic concerns are never fully developed,' which could be seen as a negative point, the reviewer also highlights positive aspects such as well-developed characters and a compelling story. Additionally, the mention that 'the movie's pretty scary' suggests that the film successfully achieves its intended effect, which can be a positive attribute for a horror or thriller movie."
2241667,The sentiment of this review is POSITIVE.
2455632,The sentiment of this review is POSITIVE.
2428675,The sentiment of this review is POSITIVE.
2668901,The sentiment of this review is POSITIVE.
2565271,The sentiment of this review is POSITIVE.
1512478,The sentiment of this review is NEGATIVE.
2565521,The sentiment of this review is POSITIVE.
2627490,The sentiment of this review is POSITIVE.
2087707,"The sentiment of this review is NEGATIVE. The reviewer is expressing a desire to stop making Snow White-inspired movies for a while, which implies dissatisfaction with the genre."
102779634,The sentiment of this review is POSITIVE.
102694138,The sentiment of this review is POSITIVE.
2600913,The sentiment of this review is POSITIVE.
2610734,The sentiment of this review is POSITIVE.
102780494,The sentiment of this review is NEUTRAL. The text provides an observation about the predictability of the film's ending based on previous information but does not express a positive or negative opinion about the quality or enjoyment of the film itself.
102781569,The sentiment of this review is POSITIVE.
102782182,"The sentiment of this review is POSITIVE. The phrase 'A return to what Marvel does best' suggests that the reviewer appreciates the film for adhering to the studio's strengths, which is a positive attribute. Additionally, the mention of 'teasing the next movie' implies excitement and anticipation, further contributing to a positive sentiment."
2620263,The sentiment of this review is POSITIVE.
2832948,The sentiment of this review is NEGATIVE.
2755742,"The sentiment of this review is MIXED, leaning towards NEGATIVE."
102779984,"The sentiment of this review is NEGATIVE. While the reviewer acknowledges that the episode is not 'actively awful,' they describe it as a 'filler' and suggest that missing it would not significantly impact one's enjoyment of the series, implying that it lacks substance or importance."
2747280,The sentiment of this review is POSITIVE.
2487280,The sentiment of this review is POSITIVE.
2442481,"To determine the sentiment of the review, let's analyze its content step by step. The review discusses the film's exploration of love, focusing on its growth and the interdependence between individuals. It also mentions that true love involves not expanding oneself at the expense of the other. This suggests a thoughtful and nuanced perspective on the theme of love, which can be seen as positive. However, the review does not explicitly state whether the reviewer liked or disliked the film. Given the context provided, the sentiment leans towards being POSITIVE as it highlights a deeper understanding of the concept of love portrayed in the film."
2795088,The sentiment of this review is POSITIVE.
2262626,The sentiment of this review is POSITIVE.
2656462,The sentiment of this review is POSITIVE.
2241599,"The sentiment of this review is NEGATIVE. The statement suggests that 'Taken 3' is even worse in comparison to 'Taken 2', implying a decline in quality."
102763289,The sentiment of this review is POSITIVE.
2687002,The sentiment of this review is POSITIVE.
2340427,The sentiment of this review is NEGATIVE.
2092291,"The sentiment of this review is NEGATIVE. The phrase 'suspend your disbelief' suggests skepticism or criticism towards the premise being presented, particularly regarding Kristen Stewart's perceived beauty compared to Charlize Theron."
2599228,The sentiment of this review is POSITIVE.
2809922,The sentiment of this review is POSITIVE.
2533989,The sentiment of this review is POSITIVE.
2556983,The sentiment of this review is POSITIVE.
2241665,The sentiment of this review is NEGATIVE.
102780259,The sentiment of this review is NEGATIVE.
102781374,"The sentiment of this review is MIXED, leaning towards NEGATIVE."
102686298,The sentiment of this review is NEGATIVE.
2827306,The sentiment of this review is POSITIVE.
2662866,The sentiment of this review is POSITIVE.
102780704,The sentiment of this review is POSITIVE.
2506067,The sentiment of this review is POSITIVE.
2690384,The sentiment of this review is NEGATIVE.
102660193,The sentiment of this review is NEGATIVE.
2565545,"The sentiment of this review is MIXED, leaning towards NEGATIVE. While the reviewer acknowledges that the film has similarities with Phase 1 MCU which isn't necessarily a bad thing, they also express that it feels like a step backwards."
102783393,The sentiment of this review is NEGATIVE.
2833798,The sentiment of this review is POSITIVE.
2087308,The sentiment of this review is NEGATIVE.
2241626,"The sentiment of this review is NEGATIVE. The reviewer is using a series of comparisons to suggest that the concept of 'taken with no one taken' lacks the core elements that make similar horror films effective or engaging, such as an exorcist in The Exorcist, a cabin in Cabin in the Woods, and nightmares in Nightmare on Elm Street. This implies disappointment or criticism."
102780845,The sentiment of this review is POSITIVE.
2574754,The sentiment of this review is POSITIVE.
102779563,The sentiment of this review is POSITIVE.
2241762,The sentiment of this review is POSITIVE.
2625165,The sentiment of this review is POSITIVE.
102779553,The sentiment of this review is POSITIVE.
102779984,"The sentiment of this review is NEGATIVE. While the reviewer acknowledges that the episode is not 'actively awful,' they describe it as a 'filler' and suggest that missing it would not significantly impact one's enjoyment of the series, implying that it lacks substance or importance."
2752423,The sentiment of this review is NEGATIVE.
102698917,"The sentiment of this review is POSITIVE. The phrase 'rising from the ashes' is a metaphor for rebirth or renewal, which is generally seen as a positive concept. Additionally, describing the movie as playing the "
102665141,The sentiment of this review is NEGATIVE.
2656170,The sentiment of this review is POSITIVE.
2262552,The sentiment of this review is POSITIVE.
102751724,The sentiment of this review is POSITIVE.
2596528,The sentiment of this review is NEGATIVE.
102779596,The sentiment of this review is NEGATIVE.
2515672,"The sentiment of this review is MIXED, leaning towards NEGATIVE. The phrase 'Believe some, not all, of the hype' suggests that while there may be some truth to the positive aspects (the 'some' part), the overall impression is that the hype or praise is exaggerated or not entirely accurate (the 'not all' part). This implies a level of skepticism or disappointment."
2451883,The sentiment of this review is POSITIVE.
2580142,"The sentiment of this review is POSITIVE, as it states that 'Earth's Mightiest Heroes get the send off they richly deserve,' which indicates a favorable view. However, there is also a 'considerable caveat' mentioned, suggesting there might be some negative aspects as well, but the overall tone leans positive."
2834639,The sentiment of this review is NEGATIVE.
2573036,"To determine the sentiment of the review, let's break down its components. The review mentions that 'the setup is slow,' which is a negative point. However, it also notes that 'comic book movie fans may not mind,' suggesting that there might be some tolerance for the slow setup among the target audience. Additionally, the reviewer highlights that 'the best aspect' is the subtle connection to "
2602562,The sentiment of this review is POSITIVE.
2654012,The sentiment of this review is POSITIVE.
2605465,The sentiment of this review is POSITIVE.
102780627,The sentiment of this review is NEGATIVE.
2446170,The sentiment of this review is POSITIVE.
102779861,The sentiment of this review is NEGATIVE.
2508205,The sentiment of this review is POSITIVE.
2242276,The sentiment of this review is NEGATIVE.
102722936,The sentiment of this review is POSITIVE.
2301741,The sentiment of this review is POSITIVE.
102696725,The sentiment of the review '{reviewText}: Mission Accomplished' is POSITIVE.
2531310,The sentiment of this review is POSITIVE.
2473437,The sentiment of this review is POSITIVE.
2672622,"To determine the sentiment of the review, let's break down the key phrases and their implications in the provided text: "
102779553,The sentiment of this review is POSITIVE.
102780917,The worst Marvel movie yet...
102779490,The sentiment of this review is POSITIVE.
102780270,"The sentiment of this review is POSITIVE. While it acknowledges that the director does an 'adequate' job, it also highlights the successful blending of different tones in the film, which is presented as a surprise and a strength."
102780758,The sentiment of this review is NEGATIVE.
2581195,The sentiment of this review is POSITIVE.
102780483,The sentiment of this review is NEGATIVE.
102666050,The sentiment of this review is NEGATIVE.
2363554,The sentiment of this review is POSITIVE.
102780704,The sentiment of this review is POSITIVE.
102782779,"The sentiment of this review is MIXED, leaning towards NEGATIVE."
2502813,The sentiment of this review is POSITIVE.
102664509,The sentiment of this review is POSITIVE.
102784444,The sentiment of this review is NEGATIVE.
102780049,The sentiment of this review is NEGATIVE.
2588931,The sentiment of this review is POSITIVE.
2592967,The sentiment of this review is POSITIVE.
2579852,The sentiment of this review is POSITIVE.
2723696,The sentiment of this review is POSITIVE.
1855511,The sentiment of this review is POSITIVE.
102781057,The sentiment of this review is POSITIVE.
102779521,The sentiment of this review is POSITIVE.
2714052,"The sentiment of this review is MIXED, leaning towards NEGATIVE. The reviewer acknowledges positive aspects like the palpable sense of dread and Phoenix's commitment, but criticizes the film for not expressing an opinion, which seems to be a significant shortcoming."
2666836,The sentiment of this review is POSITIVE.
2474814,The sentiment of this review is POSITIVE.
1193285,"To determine the sentiment of the review text 'An agoraphobic New Age,' we need to analyze the connotations of the words used. 'Agoraphobic' generally refers to a fear of open or crowded places, which can imply discomfort or anxiety. When paired with 'New Age,' it suggests that whatever is being described has elements that might be perceived as overly cautious or fearful in a context where openness or broad-mindedness would be expected. Given these connotations, the sentiment appears to be NEGATIVE."
102779686,"The sentiment of this review is POSITIVE. The reviewer praises Majors' performance, noting his ability to bring stillness and menace to his role, which are typically positive attributes for an actor."
2519210,"The sentiment of this review is MIXED, leaning towards POSITIVE. While it points out that the film's actual scares are mediocre, it also emphasizes that the film is mostly thrilling."
2654399,The sentiment of this review is POSITIVE.
2503035,The sentiment of this review is POSITIVE.
102779604,The sentiment of this review is NEGATIVE.
2631797,The sentiment of this review is POSITIVE.
102780374,"The sentiment of this review is MIXED, but leans more towards NEGATIVE. While it acknowledges some positive aspects like the performances by Pfeiffer and Rudd, as well as the "
2539623,The sentiment of this review is POSITIVE.
2509376,The sentiment of this review is NEGATIVE.
2480410,The sentiment of this review is POSITIVE.
2562931,"The sentiment of this review is MIXED, leaning towards NEGATIVE."
102753568,The sentiment of this review is POSITIVE.
102760606,The sentiment of this review is POSITIVE.
102662449,The sentiment of this review is POSITIVE.
2396747,The sentiment of this review is POSITIVE.
2671012,The sentiment of this review is POSITIVE.
102779560,The sentiment of this review is POSITIVE.
2444490,The sentiment of this review is POSITIVE. The term 'pleasingly' indicates a positive feeling towards the ostentatious nature of whatever is being reviewed.
2241749,The sentiment of this review is NEGATIVE.
2515613,The sentiment of this review is POSITIVE.
102779528,"The sentiment of this review is POSITIVE. While the reviewer mentions 'growing pains,' they also state that the film is 'an enormous step forward' in terms of scale and importance."
102706179,The sentiment of this review is NEGATIVE.
102654836,The sentiment of this review is POSITIVE.
102779519,The sentiment of this review is POSITIVE.
2469121,The sentiment of this review is NEGATIVE.
2443089,The sentiment of this review is POSITIVE.
102779743,The sentiment of this review is NEGATIVE.
102781241,The sentiment of this review is POSITIVE.
2756436,The sentiment of this review is POSITIVE.
2769114,The sentiment of this review is POSITIVE.
2632030,The sentiment of this review is NEGATIVE.
2654467,The sentiment of this review is NEGATIVE.
2438130,The sentiment of this review is NEGATIVE.
2669220,The sentiment of this review is POSITIVE.
102789858,"The sentiment of this review is POSITIVE. The reviewer seems to be looking forward to the upcoming MCU film 'Ant-Man and the Wasp: Quantumania' as an appetizer for the larger, more interconnected storyline planned for Phase 4 of the Marvel Cinematic Universe."
102710729,The sentiment of this review is NEGATIVE.
102722630,The sentiment of this review is POSITIVE.
2499731,The sentiment of this review is NEGATIVE.
2511458,"The sentiment of this review is NEGATIVE. The phrase 'Hubris is not enough of a reason' suggests that the reviewer does not believe the film has sufficient merit on its own, which is a criticism. However, the review does contain a slight positive note with 'Jackman's performance may be,' indicating that at least one aspect of the film (the lead actor's performance) could be considered good."
102780028,The sentiment of this review is NEGATIVE.
2538204,The sentiment of this review is NEGATIVE.
2455657,The sentiment of this review is POSITIVE.
2381701,The sentiment of this review is NEGATIVE.
2108949,The sentiment of this review is POSITIVE.
102662503,The sentiment of this review is POSITIVE.
2113692,The movie makes a claim that can't be matched by many Bond films: It's actually about something.
2551817,The sentiment of this review is POSITIVE.
2262144,The sentiment of this review is POSITIVE.
2495253,"The sentiment of this review is MIXED, leaning towards NEGATIVE."
2655972,"The sentiment of this review is mixed, but leans more towards NEGATIVE. The reviewer expresses that the film was 'too on the nose too often,' which suggests a lack of subtlety or nuance that detracted from their enjoyment. However, they also mention loving the ambiguity at its core, indicating some positive aspects as well."
2390375,The sentiment of this review is POSITIVE.
2596734,The sentiment of this review is POSITIVE.
2803175,The sentiment of this review is POSITIVE.
102779596,The sentiment of this review is NEGATIVE.
2458089,The sentiment of this review is POSITIVE.
2596718,The sentiment of this review is POSITIVE.
2819811,The sentiment of this review is POSITIVE.
102780607,The sentiment of this review is NEGATIVE.
2474980,"The sentiment of this review is MIXED, as it acknowledges both positive and negative aspects of the film."
2802139,The sentiment of this review is POSITIVE.
102779738,"The sentiment of this review is NEGATIVE. While it acknowledges a positive aspect regarding Jonathan Majors' performance, the overall tone criticizes the film as unsatisfying, emotionally thin, and inconsequential."
102782149,The sentiment of this review is NEGATIVE.
2763977,The sentiment of this review is POSITIVE.
2241563,The sentiment of this review is NEGATIVE.
2583835,The sentiment of this review is POSITIVE.
2719758,The sentiment of this review is POSITIVE.
2501204,The sentiment of this review is POSITIVE.
2526662,The sentiment of this review is POSITIVE.
102706329,The sentiment of this review is POSITIVE.
2367063,The sentiment of this review is POSITIVE.
102782779,"The sentiment of this review is MIXED, leaning towards NEGATIVE."
2647135,The sentiment of this review is NEGATIVE.
2553720,The sentiment of this review is POSITIVE.
102779482,The sentiment of this review is POSITIVE.
2442242,The sentiment of this review is POSITIVE.
2593585,The sentiment of this review is POSITIVE.
2442297,The sentiment of this review is POSITIVE.
2727871,The sentiment of this review is NEUTRAL.
2850046,The sentiment of this review is POSITIVE.
2529465,"The sentiment of this review is NEGATIVE. Although the phrase 'fascinating train wreck to behold' might seem intriguing, the overall tone suggests a critical perspective, implying that the subject (likely a movie or show) is not groundbreaking but rather entertaining in a negative, chaotic way."
2620989,The sentiment of this review is NEGATIVE.
2367140,The sentiment of this review is POSITIVE.
2482051,"The sentiment of this review is POSITIVE. The reviewer acknowledges that typically you cannot make fun of superhero action films and still be a good example of the genre, but then they state that the 'Deadpool' series is an exception, implying that it successfully achieves both being a fun superhero action film and a good example of the genre."
2542234,The sentiment of this review is POSITIVE.
1853737,"To determine the sentiment of the review 'Sit Down and Buckle Up!', we need to consider the context in which such a phrase might be used. Typically, this phrase is associated with safety instructions, often heard before a vehicle starts moving or during a flight. Given its common usage, it generally carries a neutral to slightly positive connotation as it ensures passenger safety and readiness for the journey ahead. However, without additional context that might indicate sarcasm or a negative experience, we can lean towards a positive interpretation. Therefore, the sentiment of this review is POSITIVE."
2608748,The sentiment of this review is POSITIVE.
2655027,The sentiment of this review is NEGATIVE.
2850113,The sentiment of this review is NEGATIVE.
2473365,"To determine the sentiment, I'll analyze the content and tone of the review text provided. The statement suggests that the movie focuses on Thanos rather than the Avengers, which could be seen as a criticism if the viewer was expecting a different narrative focus. However, without additional context indicating disappointment or dissatisfaction, we can't definitively label it negative. Given the neutral tone and lack of explicit criticism, the sentiment leans more towards neutral or slightly positive if the reviewer finds this focus interesting. But strictly following the instruction to categorize as either POSITIVE or NEGATIVE, and considering the implication of a deviation from expectations, I would categorize this as NEGATIVE."
2656040,The sentiment of this review is NEGATIVE.
2602037,The sentiment of this review is POSITIVE.
1169094,"The sentiment of this review is POSITIVE. The statement suggests that the film '28 Days Later' has a powerful impact on the viewer, comparable to the emotional and physical reactions one might have to real-world events such as those reported on the news. This implies that the movie is effective in its ability to provoke strong feelings, which is generally considered a positive attribute for a film, especially in the horror or thriller genre."
2459794,The sentiment of this review is POSITIVE.
2299766,The sentiment of this review is POSITIVE.
102710862,The sentiment of this review is POSITIVE.
2646681,The sentiment of this review is POSITIVE.
2087062,The sentiment of this review is NEGATIVE.
2434911,The sentiment of this review is POSITIVE.
2549268,The sentiment of this review is POSITIVE.
2667923,The sentiment of this review is POSITIVE.
2301964,The sentiment of this review is NEGATIVE.
1868747,The sentiment of this review is NEGATIVE.
102662469,The Batman
2656166,The sentiment of this review is NEGATIVE.
2087740,The sentiment of this review is NEGATIVE.
2594727,The sentiment of this review is NEGATIVE.
2709592,The sentiment of this review is POSITIVE.
2488471,The sentiment of this review is POSITIVE.
2669385,"The sentiment of this review appears to be NEGATIVE. The review presents a conundrum about whether the positive aspects (positive energy, female-centric) compensate for the negative aspects (nihilistic, super-violent content), suggesting skepticism and criticism."
2488679,The sentiment of this review is POSITIVE.
2487198,The sentiment of this review is POSITIVE.
2367082,The sentiment of this review is POSITIVE.
2647154,The sentiment of this review is POSITIVE.
1812606,The sentiment of this review is NEGATIVE.
2532257,The sentiment of this review is NEGATIVE.
2524026,The sentiment of this review is POSITIVE.
102780165,The sentiment of this review is NEGATIVE.
2524574,The sentiment of this review is POSITIVE.
2830983,The sentiment of this review is NEGATIVE.
2517882,The sentiment of this review is POSITIVE.
2559403,The sentiment of this review is POSITIVE.
2490547,The sentiment of this review is POSITIVE.
102780668,"The sentiment of this review is NEGATIVE. While it acknowledges good performances by certain actors, the overall tone suggests that the movie prioritizes serving the Marvel Cinematic Universe (MCU) narrative over telling a compelling standalone story."
102784175,The sentiment of this review is NEGATIVE.
2666398,The sentiment of this review is POSITIVE.
2516990,The sentiment of this review is NEGATIVE.
2380359,The sentiment of this review is POSITIVE.
2845586,The sentiment of this review is POSITIVE.
102713603,"The sentiment of this review is POSITIVE. Despite mentioning violent and bloody aspects, the reviewer ultimately describes the subject as 'as beautiful as an English rose garden,' which is a strongly positive comparison."
102720059,The sentiment of this review is POSITIVE.
2527481,The sentiment of this review is POSITIVE.
2242951,The sentiment of this review is POSITIVE.
2642086,The sentiment of this review is POSITIVE.
2120496,The sentiment of this review is NEGATIVE.
2655327,The Last Jedi
2844252,The sentiment of this review is NEGATIVE.
2620107,The sentiment of this review is NEGATIVE.
2633200,The sentiment of this review is NEGATIVE.
2754191,The sentiment of this review is NEGATIVE.
2468427,The sentiment of this review is POSITIVE.
2382436,The sentiment of this review is POSITIVE.
2508433,The sentiment of this review is POSITIVE.
102780910,The sentiment of this review is NEGATIVE.
2646609,The sentiment of this review is NEGATIVE.
102781005,"The sentiment of this review is MIXED, leaning slightly NEGATIVE."
2455622,The sentiment of this review is POSITIVE.
102779889,The sentiment of this review is POSITIVE.
2749071,The sentiment of this review is POSITIVE.
813873,The sentiment of this review is POSITIVE.
102780251,The sentiment of this review is POSITIVE.
2804395,The sentiment of this review is NEGATIVE.
2403166,The sentiment of this review is POSITIVE.
2364373,The sentiment of this review is POSITIVE.
2645107,The sentiment of this review is POSITIVE.
2782646,"The sentiment of this review is NEGATIVE. While it acknowledges that the story effectively alternates between dark comedy and thriller with moral undertones, the reviewer criticizes the director for not maintaining the film's rhythm."
2781498,The sentiment of this review is POSITIVE.
2608612,The sentiment of this review is POSITIVE.
2241158,The sentiment of this review is NEGATIVE.
102721866,The sentiment of this review is POSITIVE.
102781359,The review text
1304140,The sentiment of this review is POSITIVE.
2300016,The sentiment of this review is POSITIVE.
2450458,"The sentiment of this review is mixed, but leans towards NEGATIVE. The reviewer acknowledges moments of brilliance but also expresses disappointment with other parts of the film."
2478069,The sentiment of this review is POSITIVE.
102780948,The sentiment of this review is POSITIVE. The reviewer acknowledges 'plenty of bumps on the journey' but emphasizes the positive aspects such as being 'fully invested' in the performances of Jonathan Majors and Paul Rudd.
2477785,The sentiment of this review is POSITIVE.
1654997,The sentiment of this review is NEGATIVE.
2367849,The sentiment of this review is POSITIVE.
102761393,The sentiment of this review is POSITIVE.
102767556,The sentiment of this review is POSITIVE.
2610152,The sentiment of this review is NEGATIVE.
1854815,The sentiment of this review is NEGATIVE.
2375090,The sentiment of this review is POSITIVE.
2088341,The sentiment of this review is NEGATIVE.
2564040,"The sentiment of this review is NEUTRAL to SLIGHTLY POSITIVE. The phrase 'solid building block for future endeavors' suggests that while the work may not be exceptional on its own, it has potential and value in the context of a larger project or series. However, the qualifier 'than a must-see solo adventure' implies that it falls short of being a standout experience on its own."
2709173,The sentiment of this review is NEGATIVE.
2513354,The sentiment of this review is POSITIVE.
102779563,The sentiment of this review is POSITIVE.
102723995,"The sentiment of this review is mixed, but leans POSITIVE. While the reviewer points out some flaws like a messy story and underdeveloped characters, they ultimately conclude by saying it will evoke 'kid-like joy and excitement' for those who allow it, which is a positive sentiment towards the film."
2592102,"The sentiment of this review is NEGATIVE. The phrase 'Forget about characterisation' suggests a criticism of the lack of focus on developing characters. Additionally, describing elements as 'loud, brash and over-the-top' implies that these aspects are seen as excessive or unpleasant, which is not a positive assessment."
2604091,"The sentiment of this review is MIXED, but leaning towards NEGATIVE. The reviewer acknowledges that the new Lion King is watchable and enjoyable, which is a positive aspect, but they express a preference for the simplicity and vividness of the original hand-drawn images, indicating dissatisfaction with the newer version."
2630564,The sentiment of this review is POSITIVE.
2759009,The sentiment of this review is NEGATIVE.
102688038,The sentiment of this review is NEGATIVE.
2604508,The sentiment of this review is POSITIVE.
2480641,The sentiment of this review is POSITIVE.
1343459,The sentiment of this review is NEGATIVE.
2623871,The sentiment of this review is POSITIVE.
102779557,"The sentiment of this review is MIXED, leaning towards NEGATIVE. The review acknowledges the film's imaginative qualities but ultimately suggests that it feels like a less engaging interlude in the broader narrative of the franchise."
2502394,The sentiment of this review is POSITIVE.
2708681,The sentiment of this review is NEGATIVE.
2642456,The sentiment of this review is POSITIVE.
2406414,The sentiment of this review is POSITIVE.
2442353,The sentiment of this review is POSITIVE.
2523910,"The sentiment of this review is MIXED, leaning towards POSITIVE."
2191992,"The sentiment of this review is MIXED, leaning towards POSITIVE."
2804838,The sentiment of this review is POSITIVE.
2665856,The sentiment of this review is POSITIVE.
2659371,The sentiment of this review is NEGATIVE.
2551428,"The sentiment of this review is MIXED, but leaning towards NEGATIVE. The phrase 'When it works, it really works' suggests a positive aspect, but the majority of the sentiment is negative due to the statement that 'the fat overwhelms it all too often,' indicating a frequent issue with the product."
102762086,The sentiment of this review is POSITIVE.
2515938,"The sentiment of this review is MIXED, but leaning towards POSITIVE."
2654562,The sentiment of this review is NEGATIVE.
2654460,The sentiment of this review is POSITIVE.
2630876,The sentiment of this review is POSITIVE.
2242544,The sentiment of this review is NEGATIVE.
102780299,"The sentiment of this review is MIXED, leaning towards POSITIVE."
2623872,The sentiment of this review is POSITIVE.
2632418,The sentiment of this review is NEGATIVE.
2602324,The sentiment of this review is NEGATIVE.
102780837,"The sentiment of this review is NEGATIVE. The comparison to a Roger Corman film, known for low-budget productions, and the suggestion that even a much larger budget would only get you halfway there, implies that the quality of the film being reviewed is still quite poor."
102744046,"The sentiment of this review is MIXED, leaning towards NEGATIVE. While the production is described as 'gorgeous,' which is positive, the reviewer criticizes the lack of connection between characters and their fixed motivations, indicating a sense of disappointment in the romantic aspect."
2535088,The sentiment of this review is POSITIVE.
2449152,The sentiment of this review is POSITIVE.
102710663,The sentiment of this review is POSITIVE.
2592409,"The sentiment of this review is MIXED, leaning towards POSITIVE."
102780625,"The third entry in the Ant-Man saga scales up the franchise's appealing blend of sci-fi, comedy, and superhero spectacle."
2698645,The sentiment of this review is POSITIVE.
2473715,The sentiment of this review is POSITIVE.
2487879,The sentiment of this review is POSITIVE.
841706,The sentiment of this review is POSITIVE.
2245512,The sentiment of this review is NEGATIVE.
102781074,"The sentiment of this review is NEGATIVE. The phrase 'I didn't feel a thing' suggests a lack of emotion or response, which can be interpreted as a negative experience or reaction."
2469869,"The sentiment of the review is POSITIVE. The phrase 'will make a big splash' suggests that the movie is expected to perform well and attract a lot of attention, which is generally a positive indicator for a film."
2517558,The sentiment of this review is NEGATIVE.
2418697,The sentiment of this review is POSITIVE.
2467609,The sentiment of this review is POSITIVE.
1854572,"The sentiment of this review is MIXED, leaning slightly NEGATIVE."
2365681,"The sentiment of this review is NEGATIVE. The comparison to 'oil on a hot engine' suggests something that is messy, inefficient, or potentially damaging."
2655005,The sentiment of this review is POSITIVE.
102780543,The sentiment of this review is NEGATIVE.
2482044,The sentiment of this review is NEGATIVE.
2655288,The sentiment of this review is NEGATIVE.
2457496,The sentiment of this review is POSITIVE.
102662397,The sentiment of this review is NEGATIVE.
2171155,The performances are nothing less than astonishing
102706318,"The sentiment of this review is NEGATIVE. The reviewer notes that what feels fresh and new becomes familiar very quickly, which implies a sense of disappointment or dissatisfaction with the speed at which cultural items lose their novelty."
2657869,The sentiment of this review is NEGATIVE.
2636731,The sentiment of this review is POSITIVE.
2445091,The sentiment of this review is POSITIVE.
2832657,The sentiment of this review is POSITIVE.
2483019,The sentiment of this review is NEGATIVE.
2564466,The sentiment of this review is POSITIVE.
102779543,"The sentiment of this review is POSITIVE, but it comes with a conditional caveat. The reviewer suggests that the experience would be enjoyable if one can overlook the convoluted plot."
2634591,The sentiment of this review is POSITIVE.
102695980,The sentiment of this review is NEGATIVE.
1855430,The sentiment of this review is NEGATIVE.
2603823,The sentiment of this review is POSITIVE.
2383001,The sentiment of this review is NEGATIVE.
102779951,"The sentiment of this review is NEGATIVE. While the reviewer acknowledges that the film is 'perfectly enjoyable' and 'good,' the overall tone suggests that it is not particularly memorable or substantial, using phrases like 'perfectly disposable' and comparing it to something one might watch while chewing gum to imply it lacks depth or engagement."
2474431,The sentiment of this review is POSITIVE.
2666814,The sentiment of this review is NEGATIVE.
2382850,The sentiment of this review is NEGATIVE.
2658890,The sentiment of this review is NEGATIVE.
2612506,The sentiment of this review is POSITIVE.
2518538,The sentiment of this review is POSITIVE.
2604333,The sentiment of this review is POSITIVE.
102782734,The sentiment of this review is POSITIVE.
2589048,The sentiment of this review is POSITIVE.
2241655,The sentiment of this review is NEGATIVE.
2656119,The sentiment of this review is POSITIVE.
2405319,The sentiment of this review is POSITIVE.
2847729,The sentiment of this review is POSITIVE.
2458008,The sentiment of this review is POSITIVE.
1813533,The sentiment of this review is NEGATIVE.
2614639,The sentiment of this review is POSITIVE.
102753318,The sentiment of this review is POSITIVE.
2473255,The sentiment of this review is NEGATIVE.
102781291,The sentiment of this review is POSITIVE.
2445178,The sentiment of this review is POSITIVE.
2262145,"The sentiment of this review is NEGATIVE. While it acknowledges that the action scenes are well-crafted and have clever special effects, the lack of suspense is highlighted as a significant drawback, which leans the overall tone towards a negative assessment."
2241881,The sentiment of this review is NEGATIVE.
2241890,The sentiment of this review is NEGATIVE.
2116571,The sentiment of this review is POSITIVE.
2570736,The sentiment of this review is POSITIVE.
2589045,"The sentiment of this review is MIXED, leaning slightly NEGATIVE."
2801943,The sentiment of this review is POSITIVE.
2396760,The sentiment of this review is POSITIVE.
102664466,"The sentiment of this review is MIXED, leaning towards NEGATIVE."
1815681,The sentiment of this review is POSITIVE.
102670152,The sentiment of this review is POSITIVE.
2367735,The sentiment of this review is POSITIVE.
808625,"The sentiment of this review is POSITIVE. The use of words like 'zippy', 'brutal', and 'gripping' suggest excitement and engagement, while 'sometimes shocking' for the violence indicates a strong impact, which in the context of action sequences is generally seen as a positive attribute."
2751306,The sentiment of this review is NEGATIVE.
2609121,The sentiment of this review is NEGATIVE.
2589135,The sentiment of this review is POSITIVE.
102781828,"The sentiment of this review is mixed, but leans more towards NEGATIVE. While it acknowledges the positive contributions of the actors (Pfeiffer and Douglas), the overall tone criticizes the film for its chaotic visuals, tame jokes, and overfamiliar homilies."
2241841,The sentiment of this review is NEGATIVE.
2510761,The sentiment of this review is NEGATIVE.
2599116,The sentiment of this review is NEUTRAL. The quote is more reflective and thought-provoking rather than expressing a clear positive or negative opinion.
2382546,The sentiment of this review is POSITIVE.
2241559,The sentiment of this review is NEGATIVE.
2630031,The sentiment of this review is POSITIVE.
2621085,The sentiment of this review is POSITIVE.
102779951,"The sentiment of this review is NEGATIVE. While the reviewer acknowledges that the film is 'perfectly enjoyable' and 'good,' the overall tone suggests that it is not particularly memorable or substantial, using phrases like 'perfectly disposable' and comparing it to something one might watch while chewing gum to imply it lacks depth or engagement."
2442307,The sentiment of this review is POSITIVE.
2529242,The Front Runner
2656504,The sentiment of this review is POSITIVE.
2397407,The sentiment of this review is POSITIVE.
2387041,The sentiment of this review is POSITIVE.
102779761,"The sentiment of this review is NEGATIVE. The review criticizes the film for using excessive visual effects ('throws every can of paint in the garage at the screen') and issues with tone and character dynamics. While it praises Jonathan Majors' performance, the overall tone is critical."
2549426,The sentiment of this review is POSITIVE.
2624498,The sentiment of this review is POSITIVE.
2350137,The sentiment of this review is POSITIVE.
2668392,The sentiment of this review is NEGATIVE.
2598391,The sentiment of this review is POSITIVE.
2455670,The sentiment of this review is POSITIVE.
2394501,The sentiment of this review is POSITIVE.
2396732,"To determine the sentiment of the review, we need to analyze the comparison made in the text. The statement suggests that the subject (likely a movie) is more similar to 'Batman Begins' than to 'Green Lantern.' Given that 'Batman Begins' is often considered a critically acclaimed film in the superhero genre, the comparison implies a more positive association. Therefore, the sentiment of this review can be classified as POSITIVE."
102781469,The sentiment of this review is POSITIVE.
2351438,The sentiment of this review is POSITIVE.
2545238,The sentiment of this review is POSITIVE.
2845352,The sentiment of this review is POSITIVE.
102663177,The sentiment of this review is NEGATIVE.
2563962,The sentiment of this review is POSITIVE.
2457552,The sentiment of this review is POSITIVE.
1171189,"To determine the sentiment of the review, let's break down the key elements provided in the context: 'Like an independent B-movie horror flick, but with more polish and less edge.' The comparison to a 'B-movie' might initially suggest a negative connotation, as B-movies are often associated with lower production values and less mainstream appeal. However, the phrase 'but with more polish' indicates that the film has improved upon the typical characteristics of a B-movie, which is generally seen as a positive attribute. The mention of 'less edge' could be interpreted as either a positive or negative depending on the viewer's preference, but it doesn't carry as strong a sentiment as 'more polish.' Overall, the review suggests that the film has enhanced qualities from its B-movie roots, which leans towards a positive sentiment. Therefore, the sentiment of this review is POSITIVE."
2600277,The sentiment of this review is POSITIVE.
2769768,The sentiment of this review is NEGATIVE.
2367388,The sentiment of this review is POSITIVE.
2609589,The sentiment of this review is NEGATIVE.
2579992,The sentiment of this review is POSITIVE.
2659884,The sentiment of this review is POSITIVE.
102691003,The sentiment of this review is POSITIVE.
2833824,The sentiment of this review is POSITIVE.
2616531,"The sentiment of this review is MIXED, leaning towards POSITIVE for Tarantino fans but NEGATIVE for non-devotees."
102654913,The sentiment of this review is POSITIVE.
102787622,The sentiment of this review is POSITIVE.
2735448,The sentiment of this review is POSITIVE.
2361223,The sentiment of this review is POSITIVE.
2655669,"To determine the sentiment of the review, we need to analyze the key elements within the provided text: 'A film as much about aging and end-of-life regret as it is the mob.' The mention of 'aging' and 'end-of-life regret' suggests a somber or reflective tone, which can be interpreted as a negative aspect for some viewers. However, the phrase 'as much about' indicates that the film covers multiple themes, not just the negative ones. Therefore, while the sentiment leans towards the negative due to the focus on regret, it is not entirely negative as it also touches on other themes like the mob. Given the options of POSITIVE or NEGATIVE, the sentiment would be more accurately described as NEGATIVE, but with a nuanced understanding that the film has multiple thematic layers.}"
102662560,The Batman
102779531,"The sentiment of this review is NEGATIVE. The phrase 'way, way, way too much' indicates frustration or dissatisfaction with something that was expected to be small but ended up being excessive."
2654388,The sentiment of this review is POSITIVE.
2320500,The sentiment of this review is POSITIVE.
2539289,The sentiment of this review is POSITIVE.
2842872,The sentiment of this review is POSITIVE.
102779523,"The sentiment of this review is POSITIVE. The reviewer highlights that while Paul Rudd and Evangeline Lilly are prominently featured, the real star of the film appears to be Jonathan Majors, suggesting he could be a significant new villain for Marvel. This implies the reviewer finds Majors' performance noteworthy and potentially impactful for the franchise."
2518012,The sentiment of this review is POSITIVE.
102697833,The sentiment of this review is POSITIVE.
2506381,The sentiment of this review is POSITIVE.
2241761,The sentiment of this review is NEGATIVE.
2527493,The sentiment of this review is NEGATIVE.
2523738,The sentiment of this review is POSITIVE.
2478049,The sentiment of this review is POSITIVE.
2843794,The sentiment of this review is POSITIVE.
2474108,The sentiment of this review is POSITIVE.
102780869,"The sentiment of this review is MIXED, leaning towards POSITIVE."
102713847,The sentiment of this review is POSITIVE.
2830180,"The sentiment of this review is MIXED, leaning towards POSITIVE."
2396763,The sentiment of this review is POSITIVE.
2791448,"The sentiment of this review appears to be POSITIVE. The use of 'mammoth slice' suggests a large and impressive amount of content, and 'superhero mayhem' implies excitement and action, which are typically positive attributes for such films."
102662416,The sentiment of this review is POSITIVE.
1168913,The sentiment of this review is POSITIVE.
2843668,The sentiment of this review is POSITIVE.
102784444,The sentiment of this review is NEGATIVE.
2397283,The sentiment of this review is POSITIVE.
2390694,The sentiment of this review is POSITIVE.
2531074,The sentiment of this review is NEGATIVE.
2316110,The sentiment of this review is NEGATIVE.
2564105,The sentiment of this review is NEGATIVE.
2620999,The sentiment of this review is NEGATIVE.
2396855,The sentiment of this review is POSITIVE.
2649879,The sentiment of this review is POSITIVE.
2824461,The sentiment of this review is POSITIVE.
2539805,The sentiment of this review is NEGATIVE.
2241674,The sentiment of this review is NEGATIVE.
102711122,"The sentiment of this review is POSITIVE. The review suggests that 'Nope' and other films in this category are making a strong case for the excitement and immersive experience that only a large screen can provide, which is generally seen as a positive attribute for cinema-goers."
2397467,The sentiment of this review is NEGATIVE.
2242198,The sentiment of this review is NEGATIVE.
102781867,The sentiment of this review is POSITIVE.
2630697,"The sentiment of this review is slightly NEGATIVE. The reviewer expresses that they were 'reluctantly taken' by the movie, suggesting a lack of enthusiasm or genuine enjoyment. Additionally, the phrase 'just a little bit' in reference to Scorsese's attempt to atone for past work implies a minor or insufficient effort, further contributing to the negative tone."
1169271,The sentiment of this review is POSITIVE.
2579818,The sentiment of this review is POSITIVE.
102780792,The sentiment of this review is POSITIVE.
2503030,The sentiment of this review is POSITIVE.
2833182,The sentiment of this review is POSITIVE.
2833249,The sentiment of this review is NEGATIVE.
102724472,"To determine the sentiment of the review, let's analyze its key components. The review mentions that the work 'plays with the human need for spectacle' and addresses both the desire to observe a tragedy without personal threat and the need to be seen. These are neutral observations about human behavior and do not inherently carry positive or negative connotations. However, the tone seems analytical rather than critical or praising. Therefore, based on the provided context, the sentiment can be considered NEUTRAL rather than explicitly POSITIVE or NEGATIVE. "
102688707,"To determine the sentiment of the review, we need to analyze the phrase 'Welcome back to the Military Industrial Oedipal Complex.' This phrase is likely a reference to a critical perspective on the relationship between the military, industry, and family dynamics, as suggested by the term 'Oedipal,' which can imply dysfunctional or problematic family relationships. The tone seems to be one of skepticism or criticism rather than positivity. Therefore, the sentiment of this review is more likely to be NEGATIVE."
2643236,The sentiment of this review is POSITIVE.
2632733,The sentiment of this review is NEGATIVE.
1854414,"The sentiment of this review is NEGATIVE, but it acknowledges that the movie falls into the 'so bad it's good' category, which can sometimes make a negative aspect more tolerable or even entertaining."
2508362,The sentiment of this review is POSITIVE.
102745069,The sentiment of this review is POSITIVE.
2725469,The sentiment of this review is POSITIVE. The reviewer appreciates Tarantino's adherence to the narrative principle (showing the flamethrower) and finds the combination of genres (shaggy dog story and fairytale) intriguing.
2241515,The sentiment of this review is NEGATIVE.
102782018,"The sentiment of this review is mixed, but leans POSITIVE. The reviewer finds the movie 'weirdest' and 'most fun,' which are positive descriptors. However, they also mention that it is 'bogged down' by its role in the larger Marvel narrative, which is a negative aspect."
2786523,The best Marvel movie yet.
102781076,The sentiment of this review is NEGATIVE.
2445068,The sentiment of this review is POSITIVE.
2784430,The sentiment of this review is POSITIVE.
2842816,The sentiment of this review is POSITIVE.
2297790,The sentiment of this review is POSITIVE.
2655913,The sentiment of this review is POSITIVE.
2478545,The sentiment of this review is POSITIVE.
2580164,The sentiment of this review is NEGATIVE.
102664898,The sentiment of this review is POSITIVE.
2563582,The perfect comic onscreen
2649056,The sentiment of this review is POSITIVE.
1170016,The sentiment of this review is POSITIVE.
102779528,"The sentiment of this review is POSITIVE. While the reviewer mentions 'growing pains,' they also state that the film is 'an enormous step forward' in terms of scale and importance."
2514332,The sentiment of this review is POSITIVE.
102694825,The sentiment of this review is POSITIVE.
102669125,The Dark Knight returns with a more hopeful take on vengeance
2846596,The sentiment of this review is POSITIVE.
2608603,The sentiment of this review is POSITIVE.
102781420,The sentiment of this review is POSITIVE.
1854950,The sentiment of this review is NEGATIVE.
2473519,The sentiment of this review is POSITIVE.
2599305,The sentiment of this review is POSITIVE.
2564739,The sentiment of this review is NEGATIVE.
2458804,The sentiment of this review is POSITIVE.
2316393,The sentiment of this review is NEGATIVE.
2579986,The sentiment of this review is POSITIVE.
102698163,The sentiment of this review is NEGATIVE.
102782149,The sentiment of this review is NEGATIVE.
102779482,The sentiment of this review is POSITIVE.
2804059,The sentiment of this review is POSITIVE.
2504609,The sentiment of this review is POSITIVE.
2521208,The sentiment of this review is POSITIVE.
2480091,The sentiment of this review is POSITIVE.
1855542,The sentiment of this review is NEGATIVE.
1522119,The sentiment of this review is POSITIVE.
102780607,The sentiment of this review is NEGATIVE.
102725034,"The sentiment of this review is mixed, but leans more towards POSITIVE. The reviewer praises the film for flying 'higher' than its predecessor and highlights Tom Cruise's piloting skills. However, they also express disappointment with the lack of adrenaline in the flight scenes and find the missions to be predictable."
2518355,The sentiment of this review is POSITIVE.
2416265,The sentiment of this review is POSITIVE.
2643902,The sentiment of this review is POSITIVE.
2564510,The sentiment of this review is POSITIVE.
102780758,The sentiment of this review is NEGATIVE.
2241618,The sentiment of this review is NEGATIVE.
2608757,"The sentiment of this review is mixed, but leans more towards POSITIVE. While the reviewer points out that the film 'stumbles' due to running out of story, they also highlight positive aspects such as it being a 'loving tribute' and succeeding in recreating a beautiful era of TV and film."
2485737,The sentiment of this review is NEGATIVE.
2830135,The sentiment of this review is POSITIVE.
2383423,The sentiment of this review is POSITIVE.
2440379,The sentiment of this review is NEGATIVE.
2609385,The sentiment of this review is NEGATIVE.
2589647,The sentiment of this review is POSITIVE.
2623400,The sentiment of this review is POSITIVE.
2624212,The sentiment of this review is NEGATIVE.
102781334,"The sentiment of this review is POSITIVE. While it acknowledges that the film is overwhelming and overstimulating due to its scale and reliance on CGI, it also notes that it successfully delivers some human emotions, which suggests an overall positive impression."
2548101,The Front Runner
808625,"The sentiment of this review is POSITIVE. The use of words like 'zippy', 'brutal', and 'gripping' suggest excitement and engagement, while 'shocking' for the violence adds an element of intensity that the reviewer seems to appreciate."
102782182,"The sentiment of this review is POSITIVE. The phrase 'A return to what Marvel does best' suggests that the reviewer appreciates the film for adhering to the studio's strengths, which is a positive attribute. Additionally, the mention of 'teasing the next movie' implies excitement and anticipation, further contributing to a positive sentiment."
2490530,The sentiment of this review is POSITIVE.
2649505,The sentiment of this review is POSITIVE.
2469137,The sentiment of this review is NEGATIVE.
2579893,"The sentiment of this review is MIXED, leaning towards NEGATIVE."
2502061,The sentiment of this review is POSITIVE.
2515338,The sentiment of this review is POSITIVE. The review describes 'A Star is Born' as taking on the 
2607847,"The sentiment of this review is NEGATIVE. While it praises the visual aspects ('African vistas on screen'), it criticizes the emotional and expressive elements ('passion and flair lack from the mouths of these creatures'). The overall tone suggests disappointment."
2131078,The Snow White and the Huntsman
2727031,The sentiment of this review is POSITIVE.
2429785,The sentiment of this review is POSITIVE.
1854571,The sentiment of this review is POSITIVE.
2403831,The sentiment of this review is POSITIVE.
2241163,"The sentiment of this review is NEGATIVE. The reviewer seems frustrated with the movie and is considering different subtitles that imply growing dissatisfaction, such as 'This Is Getting a Bit Much Frankly,' suggesting they are not enjoying the film."
102669997,The sentiment of this review is POSITIVE.
2606394,The sentiment of this review is NEGATIVE.
102779686,"The sentiment of this review is POSITIVE. The reviewer praises Majors' performance, noting his ability to bring stillness and menace to his role, which are generally considered positive attributes for an actor."
102781420,The sentiment of this review is POSITIVE.
2528394,The sentiment of this review is NEGATIVE.
2620992,The sentiment of this review is POSITIVE.
2114262,The sentiment of this review is POSITIVE.
2300618,The sentiment of this review is POSITIVE.
102779616,"The sentiment of this review is NEGATIVE. The phrase 'anything but a quantum leap' suggests that the improvement, if any, is minimal and not significant enough to be considered substantial."
102781057,The sentiment of this review is POSITIVE.
2654660,"The film could have ended with a bigger bang, but it is still largely entertaining nonetheless."
2087809,The sentiment of this review is NEGATIVE.
2303474,The sentiment of this review is POSITIVE.
2632931,The sentiment of this review is POSITIVE.
2325410,The sentiment of this review is POSITIVE.
2589991,The sentiment of this review is NEGATIVE.
2564599,The sentiment of this review is NEGATIVE.
102755277,The sentiment of this review is POSITIVE.
2523155,The sentiment of this review is POSITIVE.
2544644,The Favourite
1170018,The sentiment of this review is POSITIVE.
2630774,The sentiment of this review is POSITIVE.
2556761,The sentiment of this review is POSITIVE.
2490339,The sentiment of this review is POSITIVE.
2646001,The sentiment of this review is POSITIVE.
2599217,The sentiment of this review is POSITIVE.
2453469,The sentiment of this review is POSITIVE.
2843623,The sentiment of this review is POSITIVE.
102706572,The sentiment of this review is NEGATIVE.
102781269,The sentiment of this review is NEGATIVE.
1855156,The sentiment of this review is POSITIVE.
2405294,The sentiment of this review is POSITIVE.
2819796,"The sentiment of this review is MIXED, leaning towards NEGATIVE."
2519867,The sentiment of this review is NEGATIVE.
2532398,The sentiment of this review is POSITIVE.
2759667,The sentiment of this review is POSITIVE.
102781569,The sentiment of this review is POSITIVE.
2596712,The sentiment of this review is POSITIVE.
2752271,The sentiment of this review is POSITIVE.
2653755,The sentiment of this review is POSITIVE.
102698778,The sentiment of this review is POSITIVE.
2382288,The sentiment of this review is POSITIVE.
2660371,The sentiment of this review is POSITIVE.
102779597,The sentiment of this review is POSITIVE.
2530061,The sentiment of this review is POSITIVE.
2477011,"The sentiment of this review is NEGATIVE. The review describes the movie as being at the level of a sketch on a comedy show, suggesting it lacks depth and is not taken seriously. Additionally, the use of "
2564014,The sentiment of this review is POSITIVE.
2527492,The sentiment of this review is POSITIVE.
2643722,"To determine the sentiment of the review, let's analyze its content step by step. The review contrasts the earlier gangster flicks with the current film, noting a shift from 'busy wipes, lively zooms and fast cuts' to a different style. It then refers to the director, Scorsese, suggesting that this new film is more reflective of his quieter, perhaps more introspective side, as seen in "
102780748,The sentiment of this review is NEGATIVE.
102781777,The sentiment of this review is POSITIVE.
2633832,"The sentiment of this review appears to be POSITIVE. The use of 'both comedy and horror' suggests a balanced and engaging approach to the subject matter, which is often seen as a positive attribute in film reviews."
2812152,The sentiment of this review is POSITIVE.
102780165,The sentiment of this review is NEGATIVE.
2628181,The sentiment of this review is POSITIVE.
102688688,The sentiment of this review is POSITIVE.
2444051,The sentiment of this review is POSITIVE.
102783315,The sentiment of this review is NEGATIVE.
2396726,The sentiment of this review is POSITIVE.
102699888,"The sentiment of this review is NEGATIVE. The phrases 'long,' 'tiring,' and 'winding road' suggest a challenging and unpleasant experience."
2656664,The sentiment of this review is POSITIVE. The review praises the film for maintaining its humor and suspense while also appreciating its critical commentary on wealth.
2632961,"The kind of rich, complex movie DC has been trying and failing to make ever since The Dark Knight Rises."
102779490,The sentiment of this review is POSITIVE.
2670813,"The sentiment of this review is NEGATIVE, although the reviewer found some value in it as an experience rather than as a movie."
2442284,The sentiment of this review is POSITIVE.
2528682,The sentiment of this review is POSITIVE.
2525202,The sentiment of this review is POSITIVE.
2665528,The sentiment of this review is POSITIVE.
2637258,The sentiment of this review is POSITIVE.
2565777,The sentiment of this review is POSITIVE.
2241798,"To determine the sentiment of the review, we need to analyze the phrase 'Here it's the audience that gets taken.' This statement suggests that the audience is being deceived or manipulated, which generally has a negative connotation. Therefore, the sentiment of this review is NEGATIVE."
2830124,The sentiment of this review is NEGATIVE.
2241666,The sentiment of this review is POSITIVE.
2610394,The sentiment of this review is POSITIVE.
2602068,The sentiment of this review is POSITIVE.
102689525,"The sentiment of this review is mixed, but leans towards POSITIVE. The reviewer finds enjoyment in the product and appreciates its creative aspects, yet also sees a downside in how it might be undermining its own potential."
102781828,"The sentiment of this review is mixed, but leans more towards NEGATIVE. While it acknowledges the positive contributions of the actors (Pfeiffer and Douglas), the overall tone criticizes the film for its chaotic visuals, tame jokes, and overfamiliar homilies."
2626353,The sentiment of this review is POSITIVE.
2529056,The sentiment of this review is POSITIVE.
2588848,The sentiment of this review is POSITIVE.
2403486,The sentiment of this review is POSITIVE.
2603901,The sentiment of this review is POSITIVE.
2757725,The sentiment of this review is POSITIVE.
2480853,The sentiment of this review is POSITIVE.
2589636,The sentiment of this review is NEGATIVE.
2466723,The sentiment of this review is NEGATIVE.
2405905,The sentiment of this review is POSITIVE.
102782142,The sentiment of this review is POSITIVE.
2827321,The sentiment of this review is NEGATIVE.
102716087,The sentiment of this review is POSITIVE.
2681187,The sentiment of this review is POSITIVE.
1855821,The sentiment of this review is POSITIVE.
829519,"The sentiment of this review is POSITIVE. The words 'fascinating,' 'graceful,' and 'charming' indicate a positive opinion of the work being reviewed."
2510379,The sentiment of this review is POSITIVE.
102721791,The sentiment of this review is POSITIVE.
2624352,The sentiment of this review is NEGATIVE.
2822500,"The sentiment of this review is slightly positive. The reviewer acknowledges that 'Black Widow' is less tedious and serious compared to other entries in the series, which is a positive point. However, the phrase 'setting the bar low' suggests that the movie still doesn't meet high standards, indicating a mild positive sentiment."
102780644,"The sentiment of this review is POSITIVE. Although the tone is described as 'goofy' and 'all over the place,' the review praises Jonathan Majors' performance as the villain, stating that he 'nails it.'"
102722318,The Irishman
2506742,The sentiment of this review is NEGATIVE.
2563983,"The sentiment of this review is POSITIVE. The review highlights the movie's reliance on its 'charismatic cast,' which is presented as a positive attribute, similar to how other successful Phase One MCU movies are noted for their strong casts."
102782395,The sentiment of this review is NEGATIVE.
2657908,"The sentiment of this review is mixed but leans POSITIVE. The use of words like 'delightful' and 'cathartic' indicate positive aspects, while 'muddled' and 'frustrating' suggest negative ones. However, the overall tone seems to appreciate the complexity and uniqueness of the work being reviewed."
2490393,The sentiment of this review is POSITIVE.
1854663,"The sentiment of this review is NEGATIVE. The phrase 'For too much of the 2 1/2-hour 2012, the end is not near' suggests that the reviewer found the film or performance dragging on and unending for a significant portion of its duration."
102780416,The sentiment of this review is POSITIVE.
2604140,The Lion King
2443652,The sentiment of this review is POSITIVE.
2241670,"The sentiment of this review is MIXED, but leaning towards NEGATIVE."
2241827,The sentiment of this review is NEGATIVE.
2457640,"To determine the sentiment of the review, let's analyze its key components. The phrase 'as verbose as dynamic' suggests that the film has a lot of dialogue but also a lot of action or movement, which could be seen as a positive attribute for a film. Additionally, the description of the camera accompanying the 'frenzy of the fight against time' implies intensity and urgency, which are often viewed positively in films. Given these elements, the sentiment of this review appears to be POSITIVE."
2749176,The sentiment of this review is NEGATIVE.
102779507,"The sentiment of this review is NEGATIVE. The reviewer mentions that the film is 'uneven' and that the script was unsure about the genre, which are not positive attributes."
1177396,"The sentiment of this review is POSITIVE. The phrase 'Its power lies in how topical is its message' suggests that the reviewer finds the message of the subject (likely a book, article, or speech) to be relevant and impactful, which is generally considered a positive attribute."
102780374,"The sentiment of this review is MIXED, but leans more towards NEGATIVE. While it acknowledges some positive aspects like the performances by Pfeiffer and Rudd, as well as the "
2752537,The sentiment of this review is NEGATIVE.
2834023,The sentiment of this review is POSITIVE.
102779524,The sentiment of this review is POSITIVE.
102687079,The sentiment of this review is NEGATIVE.
2480822,The sentiment of this review is POSITIVE.
2543145,The sentiment of this review is POSITIVE.
2830262,The sentiment of this review is POSITIVE.
828611,The sentiment of this review is POSITIVE.
2655291,The sentiment of this review is POSITIVE.
2788762,The sentiment of this review is POSITIVE.
102689827,The sentiment of this review is NEGATIVE.
2800898,The sentiment of this review is POSITIVE.
2531177,The sentiment of this review is POSITIVE.
2563176,The sentiment of this review is POSITIVE.
2656124,The sentiment of this review is POSITIVE.
102779875,The sentiment of this review is NEGATIVE.
2517288,The sentiment of this review is POSITIVE.
102789361,The sentiment of this review is NEGATIVE. The reviewer expresses confusion and dissatisfaction with the choice of Ant-Man for a particular task related to ushering in Phase 5 of Marvel films.
102779545,The sentiment of this review is POSITIVE.
2498993,The sentiment of this review is POSITIVE.
2587946,The sentiment of this review is POSITIVE.
1854554,The sentiment of this review is NEGATIVE.
2660147,The film achieves a difficult balance
2524384,The sentiment of this review is NEGATIVE.
2440745,The sentiment of this review is POSITIVE.
2477665,The sentiment of this review is POSITIVE.
2496314,"The sentiment of this review is POSITIVE. The terms 'cathartic,' 'galvanizing,' and 'rallying cry' suggest positive emotions and a call to action, while 'frightening jolt' could be seen as a necessary wake-up call rather than purely negative."
2502020,The sentiment of this review is POSITIVE.
2513607,The sentiment of this review is POSITIVE.
2437056,The sentiment of this review is NEGATIVE.
2633665,"The sentiment of this review is NEGATIVE. The phrase 'double standard' often carries a negative connotation, suggesting inconsistency or unfairness. Additionally, the use of 'endorses' in relation to a 'double standard' implies that the reviewer disapproves of the worldview presented in the film. Therefore, the overall tone of the review appears critical rather than praising."
2666866,The sentiment of this review is POSITIVE.
102694143,The sentiment of this review is POSITIVE. The use of 
2537902,The sentiment of this review is POSITIVE.
2367026,The sentiment of this review is POSITIVE.
2643633,The sentiment of this review is NEGATIVE.
2604164,"The sentiment of this review is MIXED, leaning towards NEGATIVE."
2324906,The sentiment of this review is NEGATIVE.
2299738,The sentiment of this review is POSITIVE.
2519170,The sentiment of this review is POSITIVE.
2617266,The sentiment of this review is POSITIVE.
2367086,The sentiment of this review is NEGATIVE.
2552276,The sentiment of this review is NEGATIVE.
2827144,The sentiment of this review is POSITIVE.
2258508,The sentiment of this review is NEGATIVE.
2514720,The sentiment of this review is POSITIVE.
102686340,The sentiment of this review is POSITIVE.
2507819,"The sentiment of this review is MIXED, leaning towards POSITIVE."
2458074,The sentiment of this review is POSITIVE.
102721081,The sentiment of this review is NEGATIVE.
2511533,The sentiment of this review is NEGATIVE.
1859006,The sentiment of this review is POSITIVE.
2517758,The sentiment of this review is NEGATIVE.
2515123,"The sentiment of this review is POSITIVE. The phrase 'everybody says they don't make anymore' suggests that the movie has qualities that are highly valued by the reviewer and others, indicating a positive opinion."
2598149,The sentiment of this review is POSITIVE.
2530654,The sentiment of this review is POSITIVE.
2506727,The sentiment of this review is POSITIVE.
2603421,The sentiment of this review is POSITIVE.
2557616,The sentiment of this review is POSITIVE.
2367023,The Star Wars
2434445,"The sentiment of this review is POSITIVE. While the review notes that the storyline and thematic elements are 'decidedly morbid,' it also describes 'Ragnarok' as a 'colorful, campy sendup of the superhero genre,' which suggests an appreciation for its style and approach."
102739761,The sentiment of this review is POSITIVE.
2493274,The sentiment of this review is POSITIVE.
2748482,The sentiment of this review is POSITIVE.
2802641,The sentiment of this review is POSITIVE.
102667810,The sentiment of this review is POSITIVE.
2473918,The sentiment of this review is POSITIVE.
2486707,The sentiment of this review is NEGATIVE.
2836466,The sentiment of this review is NEGATIVE.
102662867,The Batman
2516059,The sentiment of this review is POSITIVE.
2809353,The sentiment of this review is POSITIVE.
2693101,The sentiment of this review is POSITIVE.
2580797,The sentiment of this review is POSITIVE.
2457775,The sentiment of this review is POSITIVE.
2579851,The sentiment of this review is POSITIVE.
2660347,The sentiment of this review is POSITIVE.
2367092,"To determine the sentiment of the review, let's analyze its content step by step. The statement suggests that when the universe 'expands' in a certain way, it makes the universe seem smaller. This implies a paradoxical effect where expansion leads to a perception of reduced size. Given the context, the sentiment seems to lean towards a negative interpretation because the expansion results in a seemingly smaller universe, which could be seen as counterintuitive or even disorienting. Therefore, the sentiment of this review is NEGATIVE."
2634387,The sentiment of this review is POSITIVE.
2406029,The sentiment of this review is POSITIVE.
2610448,"The sentiment of this review is MIXED, leaning towards POSITIVE."
2666408,The sentiment of this review is POSITIVE.
2579834,The sentiment of this review is NEGATIVE.
2405860,The sentiment of this review is POSITIVE.
102751732,The sentiment of this review is POSITIVE.
2654567,The sentiment of this review is POSITIVE.
2412126,The sentiment of this review is NEGATIVE.
102686350,"To determine the sentiment of the review, let's analyze its content step by step. The statement compares the film in question to 'Spider-Man 3' and 'The Evil Dead.' It suggests that the film is more similar to 'Spider-Man 3' than 'The Evil Dead.' Given that 'The Evil Dead' is generally considered a classic and beloved horror film, the comparison to 'Spider-Man 3,' which is often viewed negatively, implies a negative sentiment. Therefore, the sentiment of this review is NEGATIVE."
2619649,The sentiment of this review is POSITIVE.
2477707,The perfect Avengers antidote
102779738,"The sentiment of this review is NEGATIVE. While it acknowledges a positive aspect with Jonathan Majors' performance, the overall tone criticizes the film as unsatisfying, emotionally thin, and inconsequential."
2087613,The sentiment of this review is POSITIVE.
2579836,The sentiment of this review is POSITIVE.
2368714,The sentiment of this review is POSITIVE.
2655229,The sentiment of this review is NEGATIVE.
2556072,The sentiment of this review is POSITIVE.
102709035,"The sentiment of this review is POSITIVE. The reviewer appreciates the visual aspects of the film, comparing it favorably to 'Pirates of the Caribbean' and highlighting 'visually splendorous set pieces.'"
2534040,The sentiment of this review is POSITIVE.
2546101,The sentiment of this review is POSITIVE.
2443100,The sentiment of this review is POSITIVE.
2333316,The sentiment of this review is POSITIVE.
2087660,The sentiment of this review is POSITIVE.
102780218,"The sentiment of this review is POSITIVE. The statement 'I will never unsee MODOK' suggests that the reviewer was deeply impressed or affected by MODOK, likely due to its striking or memorable nature."
2601409,The sentiment of this review is POSITIVE.
102766823,The sentiment of this review is POSITIVE.
2510005,The sentiment of this review is POSITIVE.
2643923,The sentiment of this review is POSITIVE.
102662418,The sentiment of this review is POSITIVE.
102764750,The sentiment of this review is POSITIVE.
2529595,The Front Runner
2088333,The sentiment of this review is POSITIVE.
2539596,The sentiment of this review is POSITIVE.
2524395,The sentiment of this review is POSITIVE.
2628246,The sentiment of this review is POSITIVE.
2565857,The sentiment of this review is POSITIVE.
2573740,The sentiment of this review is POSITIVE.
2150739,The sentiment of this review is NEGATIVE.
2261481,The sentiment of this review is POSITIVE.
2656056,The sentiment of this review is POSITIVE.
2455974,The sentiment of this review is POSITIVE.
102779654,The sentiment of this review is POSITIVE.
2826804,The sentiment of this review is POSITIVE.
1813553,The sentiment of this review is POSITIVE.
102706670,"The sentiment of this review is mixed, but it leans more towards NEGATIVE. While the reviewer expresses a positive sentiment towards the genre (romantic comedies) and the title of the movie (Thor: Love and Thunder), they also criticize Marvel's Phase Four as feeling aimless."
2589177,The sentiment of this review is POSITIVE.
2589145,The sentiment of this review is POSITIVE.
102722610,The sentiment of this review is POSITIVE.
2623476,The sentiment of this review is POSITIVE.
2478099,The sentiment of this review is NEGATIVE.
102663849,The sentiment of this review is NEGATIVE.
102780388,"The sentiment of this review is MIXED, but leaning towards POSITIVE. The phrase 'bigger does mean better' suggests a positive outlook, while 'not without a few growing pains' indicates some negatives."
102783989,The sentiment of this review is POSITIVE.
2624454,The sentiment of this review is POSITIVE.
102780956,"To determine the sentiment of the review, let's analyze its content step by step. The review mentions that the latest phase of the MCU (Marvel Cinematic Universe) takes place in the Quantum Realm, which could be seen as an intriguing plot device. However, the latter part of the sentence raises a question about whether Marvel might be facing a risk of burnout with the arrival of Kang, a well-known character from the comics. This suggests a concern or warning, indicating a slightly negative tone. Therefore, the overall sentiment of the review can be classified as NEGATIVE."
2666979,The sentiment of this review is POSITIVE.
102779604,The sentiment of this review is NEGATIVE.
2667598,The sentiment of this review is POSITIVE.
2432899,The sentiment of this review is NEGATIVE.
2641593,The sentiment of this review is POSITIVE.
2301743,The
2688994,The sentiment of this review is POSITIVE.
2325462,The sentiment of this review is POSITIVE.
2668607,The sentiment of this review is POSITIVE.
2593602,The sentiment of this review is POSITIVE.
2668855,The sentiment of this review is NEGATIVE.
102659031,The sentiment of this review is POSITIVE.
2370210,The sentiment of this review is POSITIVE.
2428291,The sentiment of this review is POSITIVE.
2784359,The sentiment of this review is POSITIVE.
2641758,The sentiment of this review is POSITIVE.
102712634,The sentiment of this review is NEGATIVE.
2608588,The sentiment of this review is NEGATIVE.
2643684,"The sentiment of this review is POSITIVE. The phrase 'Noah Baumbach digs deep' suggests that the director has made a thorough and insightful exploration of the subject matter, which is the modern process of ending a marriage. This indicates appreciation for the film's depth and approach."
102780524,The sentiment of this review is NEGATIVE.
2568541,The sentiment of this review is NEGATIVE.
102782396,"To determine the sentiment of the review, we need to analyze the content of the provided text: 'Crawls instead of buzzes.' This statement suggests that something (likely a product) moves in a slow, creeping manner rather than in a quick, buzzing fashion. Without additional context, it can be inferred that the reviewer might find this characteristic undesirable, as buzzing is often associated with more efficient or effective performance compared to crawling. Therefore, the sentiment appears to be NEGATIVE."
2405667,The sentiment of this review is POSITIVE.
2648870,The sentiment of this review is POSITIVE.
2589302,The sentiment of this review is POSITIVE.
2638080,The sentiment of this review is POSITIVE.
102780632,The sentiment of this review is NEGATIVE.
102669448,The sentiment of this review is POSITIVE.
102779962,"The sentiment of this review is NEGATIVE. The reviewer criticizes the visual aspects of the film, mentioning that it is 'messy and flat' with 'shockingly poor' CGI and 'muddled' action. However, they do offer a slight positive note by stating that the cast is one of the best in a Marvel film."
102662655,The sentiment of this review is NEGATIVE.
2631170,The sentiment of this review is POSITIVE.
2443316,The Last Jedi
2241760,The sentiment of this review is NEGATIVE.
2522799,The sentiment of this review is NEGATIVE.
2655590,The sentiment of this review is NEGATIVE.
1813160,The sentiment of this review is NEGATIVE.
2531075,The sentiment of this review is NEGATIVE.
2393020,The sentiment of this review is POSITIVE.
2397868,The sentiment of this review is POSITIVE.
2524551,The sentiment of this review is POSITIVE.
1815566,The sentiment of this review is POSITIVE.
2488040,The sentiment of this review is NEGATIVE.
2631682,The sentiment of this review is POSITIVE.
2845204,The sentiment of this review is POSITIVE.
2822185,The sentiment of this review is POSITIVE.
2403296,The sentiment of this review is POSITIVE.
2242764,The sentiment of this review is NEGATIVE.
2397783,The sentiment of this review is POSITIVE.
102780376,The sentiment of this review is NEGATIVE.
102781241,The sentiment of this review is POSITIVE.
2261411,The sentiment of this review is NEGATIVE.
2654465,The sentiment of this review is POSITIVE.
2647429,The sentiment of this review is POSITIVE. The review praises the sitcom for having depth (
2478412,The sentiment of this review is POSITIVE.
2432692,The sentiment of this review is POSITIVE.
102766076,"The sentiment of this review is POSITIVE. The reviewer compares the work favorably to well-known and successful adaptations of Agatha Christie's works, suggesting that the style and execution are enjoyable and of high quality."
2542203,"The sentiment of this review is NEGATIVE. The comparison to the 12 Labors of Hercules suggests a complex and perhaps overly convoluted plot, while the mention of 'extra labors' implies that these additional elements were unnecessary or gratuitous."
102688704,The sentiment of this review is POSITIVE.
2616951,The sentiment of this review is NEGATIVE.
2518908,The sentiment of this review is POSITIVE.
2089154,The sentiment of this review is POSITIVE.
2087283,The sentiment of this review is POSITIVE.
2496843,"The sentiment of this review is MIXED, but leans more towards NEGATIVE. The review starts positively by praising the film for its satirical approach to race relations in America. However, it turns negative towards the end when it mentions the 'montage of grotesqueries' and the reminder of recent tragic events like Ferguson and Charlottesville, which serves as a harsh wake-up call after the initial lull."
2630266,"The sentiment of this review is POSITIVE, but it includes a criticism of the ending."
2665230,The sentiment of this review is POSITIVE.
2369880,The sentiment of this review is POSITIVE.
102780259,The sentiment of this review is NEGATIVE.
102781215,"The sentiment of this review is NEGATIVE. While it praises Jonathan Majors' performance, the overall tone criticizes the film as an 'incoherent effects-dump,' which is a negative assessment."
102662493,The sentiment of this review is POSITIVE.
2661056,The sentiment of this review is POSITIVE.
2561236,The sentiment of this review is NEGATIVE.
2488084,The sentiment of this review is POSITIVE.
2510334,The sentiment of this review is POSITIVE.
2299558,The sentiment of this review is POSITIVE.
102779875,The sentiment of this review is NEGATIVE.
102730999,The sentiment of this review is NEGATIVE.
2443287,The sentiment of this review is POSITIVE.
2580441,The sentiment of this review is POSITIVE.
102718675,The sentiment of this review is POSITIVE.
102664602,The sentiment of this review is POSITIVE.
102779544,The sentiment of this review is NEGATIVE.
102782426,"The sentiment of this review is NEGATIVE. While the reviewer acknowledges that it's worth watching and rooting for the underdog, they describe the movie as merely 'fine' without being particularly funny, thrilling, or memorable."
2241675,"The sentiment of this review is NEGATIVE. The statement suggests that 'Taken 3' is even worse in comparison to 'Taken 2', implying a decline in quality."
2565406,The sentiment of this review is POSITIVE.
2674982,The sentiment of this review is POSITIVE.
2599336,The sentiment of this review is POSITIVE.
102781005,"The sentiment of this review is MIXED, leaning slightly NEGATIVE."
2547962,The sentiment of this review is POSITIVE.
102781954,The sentiment of this review is NEGATIVE.
2515366,The sentiment of this review is NEGATIVE.
102755760,"The sentiment of this review is MIXED, leaning towards NEGATIVE. The review acknowledges that the movie is 'clever' but also states it is 'not-as-fun-as-the-first', which suggests disappointment compared to the previous installment."
2631052,The sentiment of this review is POSITIVE.
2644108,The sentiment of this review is POSITIVE.
2494765,The sentiment of this review is POSITIVE.
2835425,The sentiment of this review is POSITIVE.
2484208,The sentiment of this review is POSITIVE.
2656515,The sentiment of this review is POSITIVE.
2527130,The sentiment of this review is POSITIVE.
2580653,The sentiment of this review is POSITIVE.
2416753,The sentiment of this review is NEGATIVE.
2556199,The sentiment of this review is POSITIVE.
1854947,The sentiment of this review is NEGATIVE.
102780625,"The third entry in the Ant-Man saga scales up the franchise's appealing blend of sci-fi, comedy, and superhero spectacle."
2179382,The sentiment of this review is POSITIVE.
1855055,The sentiment of this review is NEGATIVE.
2458964,The sentiment of this review is POSITIVE.
2428761,The sentiment of this review is POSITIVE.
2828491,The sentiment of this review is POSITIVE.
2609910,The sentiment of this review is POSITIVE.
2500066,The sentiment of this review is POSITIVE.
2735464,The sentiment of this review is POSITIVE.
2649202,The sentiment of this review is POSITIVE.
2473243,The sentiment of this review is POSITIVE.
2661785,The sentiment of this review is NEGATIVE.
102779496,The sentiment of this review is POSITIVE.
102781867,The sentiment of this review is POSITIVE.
2605409,The sentiment of this review is POSITIVE.
2631527,The sentiment of this review is NEGATIVE.
2405228,The sentiment of this review is POSITIVE.
2241704,The sentiment of this review is NEGATIVE.
1855104,The sentiment of this review is POSITIVE.
1169257,The sentiment of this review is NEGATIVE.
2649226,The sentiment of this review is POSITIVE.
2834880,The sentiment of this review is POSITIVE.
102686284,"The sentiment of this review is MIXED, leaning slightly NEGATIVE."
2666829,The sentiment of this review is POSITIVE.
2241868,"The sentiment of this review is NEUTRAL. The review does not express a clear positive or negative opinion about the movie, instead it comments on the ambiguous ending and suggests a potential sequel in a somewhat playful manner."
102727090,"The sentiment of this review is POSITIVE. The review highlights the effective use of color contrasts in the film, particularly the 'bleeding flashes of red' that create intense and impactful moments despite the overall somber tone of 'long shadows with blacks and grays.' This suggests appreciation for the film's visual style."
2600715,The sentiment of this review is NEGATIVE.
2379649,The sentiment of this review is POSITIVE.
102785260,The sentiment of this review is NEGATIVE.
2384324,The sentiment of this review is POSITIVE.
2473761,The sentiment of this review is NEGATIVE.
102688750,The sentiment of this review is POSITIVE.
2301458,The Force Awakens
102779968,The sentiment of this review is NEGATIVE.
2663938,The sentiment of this review is POSITIVE.
2241270,The sentiment of this review is POSITIVE.
2534917,"The sentiment of this review is NEUTRAL to SLIGHTLY NEGATIVE. The phrase 'not-quite-sensational' suggests that the thriller may fall short of being highly exciting or impressive. Additionally, the mention of 'villains around every corner' could imply a complex plot, but it doesn't necessarily indicate a positive or negative sentiment on its own. However, the reviewer's comment about one of the directors thinking a villain is the hero might suggest a lack of clarity or coherence in the story, which leans towards a slightly negative tone."
2635275,The sentiment of this review is NEGATIVE.
102779519,The sentiment of this review is POSITIVE.
2626599,The sentiment of this review is POSITIVE.
2551219,"The sentiment of this review is POSITIVE. While it suggests that the middle part of the story could be shortened, the reviewer praises the cinematography and art direction as 'superb', indicating an overall positive impression."
2390940,The sentiment of this review is POSITIVE.
2347975,The sentiment of this review is POSITIVE.
102698665,The sentiment of this review is POSITIVE.
2516722,The sentiment of this review is POSITIVE.
2476023,The sentiment of this review is POSITIVE.
2753351,The sentiment of this review is POSITIVE.
102688719,The sentiment of this review is POSITIVE.
